date,pm2_5,pm10,nitrogen_dioxide,sulphur_dioxide,ozone,us_aqi,T2M,RH2M,WS10M,PRECTOTCORR,target_pm2_5_next_day,risk_category_next_day
2025-01-01,145.17499999999998,147.8375,34.61666666666667,31.28333333333333,77.375,200.0,12.22,45.72,3.66,0.0,145.37083333333334,Very High
2025-01-02,145.37083333333334,149.34166666666667,33.24166666666667,38.1,81.29166666666667,196.54166666666666,13.24,47.31,3.77,0.0,158.79166666666666,Very High
2025-01-03,158.79166666666666,168.17916666666667,54.083333333333336,48.36666666666667,62.875,201.875,14.55,51.3,2.65,0.0,166.49166666666667,Very High
2025-01-04,166.49166666666667,176.47916666666666,76.29583333333333,63.4625,77.20833333333333,213.83333333333334,15.22,51.49,2.24,0.0,158.225,Very High
2025-01-05,158.225,163.80416666666667,44.4125,48.44166666666666,94.33333333333333,217.58333333333334,14.42,56.55,2.83,0.0,141.20416666666668,Very High
2025-01-06,141.20416666666668,143.80833333333334,37.61666666666667,50.73333333333333,85.0,196.375,14.03,61.57,2.11,0.05,109.76666666666667,Very High
2025-01-07,109.76666666666667,110.875,21.775000000000002,30.5,92.08333333333333,189.29166666666666,12.53,58.99,4.2,0.1,71.92083333333333,High
2025-01-08,71.92083333333333,73.19583333333334,29.708333333333332,29.650000000000002,85.16666666666667,167.79166666666666,11.72,41.82,4.13,0.0,161.0375,Very High
2025-01-09,161.0375,163.82916666666668,80.125,80.50416666666668,70.16666666666667,170.125,13.72,34.59,1.74,0.0,256.73333333333335,Very High
2025-01-10,256.73333333333335,259.04583333333335,86.02916666666665,83.47500000000001,83.79166666666667,284.2083333333333,13.74,32.88,1.24,0.0,155.46666666666667,Very High
2025-01-11,155.46666666666667,157.98333333333332,39.891666666666666,44.512499999999996,83.66666666666667,263.7916666666667,12.18,49.01,2.72,1.8,86.39166666666667,High
2025-01-12,86.39166666666667,88.83749999999999,34.8375,36.78333333333333,76.5,175.95833333333334,12.42,74.62,2.34,0.13,92.58749999999999,Very High
2025-01-13,92.58749999999999,93.3,31.9375,31.84583333333333,66.25,172.16666666666666,13.3,69.46,3.62,0.0,115.35000000000001,Very High
2025-01-14,115.35000000000001,116.23333333333333,47.80416666666667,49.104166666666664,82.66666666666667,166.16666666666666,13.24,48.98,2.48,0.0,205.625,Very High
2025-01-15,205.625,208.48749999999998,83.17916666666666,66.68333333333334,69.45833333333333,232.66666666666666,13.74,46.41,2.17,0.19,130.75833333333333,Very High
2025-01-16,130.75833333333333,132.79999999999998,49.5625,44.729166666666664,62.25,215.66666666666666,13.22,78.08,1.52,1.79,99.83333333333333,Very High
2025-01-17,99.83333333333333,101.01666666666667,28.979166666666668,36.13333333333333,72.58333333333333,180.25,12.46,65.43,3.31,0.04,139.70000000000002,Very High
2025-01-18,139.70000000000002,142.30833333333334,54.27916666666667,55.237500000000004,58.708333333333336,177.91666666666666,13.15,44.93,2.13,0.0,173.14583333333334,Very High
2025-01-19,173.14583333333334,176.07916666666665,71.78333333333333,80.64166666666667,68.08333333333333,222.33333333333334,16.1,46.35,2.42,0.0,104.75416666666666,Very High
2025-01-20,104.75416666666666,105.49166666666667,31.3875,33.55416666666667,77.375,195.5,15.84,46.96,3.97,0.0,82.075,High
2025-01-21,82.075,83.14583333333333,26.108333333333334,25.745833333333334,86.20833333333333,168.29166666666666,15.73,45.82,3.86,0.0,87.74583333333334,High
2025-01-22,87.74583333333334,93.77499999999999,41.9,35.5,65.83333333333333,163.41666666666666,16.37,50.48,2.4,0.01,75.02916666666667,High
2025-01-23,75.02916666666667,80.27083333333333,36.579166666666666,30.745833333333334,65.75,167.91666666666666,16.68,46.63,3.13,0.11,54.99166666666667,Moderate
2025-01-24,54.99166666666667,60.550000000000004,23.712500000000002,24.758333333333336,77.95833333333333,153.0,14.34,44.5,4.3,0.0,48.083333333333336,Moderate
2025-01-25,48.083333333333336,52.26666666666667,24.325,22.729166666666668,72.58333333333333,137.20833333333334,13.83,35.54,4.35,0.0,58.24583333333334,Moderate
2025-01-26,58.24583333333334,61.487500000000004,31.070833333333336,27.979166666666668,71.58333333333333,132.75,13.03,32.29,3.39,0.0,74.08333333333333,High
2025-01-27,74.08333333333333,77.4875,32.041666666666664,30.27916666666667,82.75,157.66666666666666,12.61,33.66,3.66,0.0,98.42916666666667,Very High
2025-01-28,98.42916666666667,99.84166666666665,47.041666666666664,46.2125,85.83333333333333,160.5,14.52,30.52,2.62,0.0,145.225,Very High
2025-01-29,145.225,146.64166666666668,58.67083333333333,59.199999999999996,98.91666666666667,192.70833333333334,15.14,34.13,2.88,0.0,153.19166666666666,Very High
2025-01-30,153.19166666666666,155.30833333333334,49.8375,56.36666666666667,112.25,195.83333333333334,15.7,38.91,2.56,0.0,162.8375,Very High
2025-01-31,162.8375,170.04583333333332,72.05,59.87083333333334,77.16666666666667,218.33333333333334,16.72,41.71,2.15,0.0,96.9375,Very High
2025-02-01,96.9375,109.07916666666667,34.28333333333334,31.84583333333333,91.58333333333333,186.45833333333334,17.76,39.68,2.17,0.0,98.68333333333334,Very High
2025-02-02,98.68333333333334,111.87916666666666,25.416666666666668,32.704166666666666,82.75,170.625,16.86,48.01,2.89,0.0,97.125,Very High
2025-02-03,97.125,101.52916666666665,39.104166666666664,35.9625,73.04166666666667,171.0,17.31,42.49,2.76,0.0,95.77499999999999,Very High
2025-02-04,95.77499999999999,98.39166666666667,55.520833333333336,50.50833333333333,52.833333333333336,174.33333333333334,18.36,44.6,2.19,0.18,74.57083333333334,High
2025-02-05,74.57083333333334,79.41250000000001,28.291666666666668,29.037499999999998,70.875,166.66666666666666,15.06,44.38,4.1,0.0,58.53333333333333,Moderate
2025-02-06,58.53333333333333,82.2,16.208333333333332,23.429166666666664,96.08333333333333,153.91666666666666,14.44,35.93,4.72,0.0,51.40416666666667,Moderate
2025-02-07,51.40416666666667,97.00416666666666,16.025000000000002,20.145833333333332,91.83333333333333,149.83333333333334,14.4,37.24,4.92,0.0,51.475,Moderate
2025-02-08,51.475,93.69583333333333,24.145833333333332,22.8125,84.875,127.16666666666667,15.54,33.55,3.92,0.0,73.94166666666666,High
2025-02-09,73.94166666666666,92.29166666666667,38.31666666666667,32.862500000000004,82.41666666666667,152.75,17.53,30.48,2.49,0.0,96.99583333333334,Very High
2025-02-10,96.99583333333334,105.69583333333333,49.02916666666667,38.30416666666667,80.375,169.58333333333334,19.01,30.7,2.34,0.0,99.1125,Very High
2025-02-11,99.1125,110.79583333333333,44.59166666666667,41.699999999999996,79.75,173.0,19.49,33.14,2.41,0.0,52.56666666666666,Moderate
2025-02-12,52.56666666666666,116.6375,19.383333333333333,22.150000000000002,80.54166666666667,159.33333333333334,18.17,38.97,4.4,0.0,44.25833333333333,Moderate
2025-02-13,44.25833333333333,126.74166666666667,14.725,16.216666666666665,91.04166666666667,122.45833333333333,16.98,30.39,5.55,0.0,45.55416666666667,Moderate
2025-02-14,45.55416666666667,89.44583333333333,18.020833333333332,19.849999999999998,86.33333333333333,126.25,17.23,30.19,4.86,0.0,67.15833333333333,High
2025-02-15,67.15833333333333,87.575,37.795833333333334,31.84583333333333,72.54166666666667,145.0,18.74,34.76,3.0,0.0,89.46249999999999,High
2025-02-16,89.46249999999999,108.50416666666666,48.15833333333333,41.19583333333333,69.25,165.25,18.73,42.91,2.23,0.0,73.97083333333333,High
2025-02-17,73.97083333333333,85.70833333333333,34.112500000000004,34.15,74.54166666666667,161.79166666666666,20.86,35.99,1.95,0.0,62.949999999999996,High
2025-02-18,62.949999999999996,107.91666666666667,30.599999999999998,26.541666666666668,72.83333333333333,157.33333333333334,20.42,36.46,2.75,0.0,60.604166666666664,High
2025-02-19,60.604166666666664,99.2375,30.837500000000002,25.870833333333334,80.08333333333333,152.58333333333334,20.55,34.88,2.18,0.37,50.32916666666667,Moderate
2025-02-20,50.32916666666667,100.41250000000001,25.675,22.0125,81.29166666666667,150.45833333333334,20.54,52.68,3.91,1.38,54.44583333333333,Moderate
2025-02-21,54.44583333333333,86.47916666666667,21.7375,27.833333333333332,102.04166666666667,131.0,19.68,51.58,2.64,0.02,51.44583333333333,Moderate
2025-02-22,51.44583333333333,107.6125,18.879166666666666,18.829166666666666,85.66666666666667,149.29166666666666,17.79,48.25,3.88,0.0,51.208333333333336,Moderate
2025-02-23,51.208333333333336,100.33333333333333,26.28333333333333,22.849999999999998,90.41666666666667,131.5,18.57,44.16,2.76,0.0,66.78333333333333,High
2025-02-24,66.78333333333333,128.525,33.387499999999996,27.070833333333336,91.41666666666667,153.29166666666666,19.0,42.58,2.76,0.0,79.35000000000001,High
2025-02-25,79.35000000000001,134.39583333333334,45.10833333333333,37.1,88.29166666666667,158.70833333333334,20.52,40.05,2.1,0.0,80.87083333333334,High
2025-02-26,80.87083333333334,146.63333333333335,52.125,42.4375,95.70833333333333,165.29166666666666,21.59,37.94,1.46,0.03,55.9625,Moderate
2025-02-27,55.9625,155.6625,34.862500000000004,25.679166666666664,62.041666666666664,156.875,20.7,52.51,2.6,0.4,45.86666666666667,Moderate
2025-02-28,45.86666666666667,108.21666666666665,27.820833333333336,25.675,70.16666666666667,119.625,19.3,68.65,3.83,6.18,55.833333333333336,Moderate
2025-03-01,55.833333333333336,94.9375,24.083333333333332,27.412499999999998,100.25,132.79166666666666,20.62,63.49,3.34,3.13,60.854166666666664,High
2025-03-02,60.854166666666664,181.77916666666667,23.866666666666664,22.650000000000002,69.95833333333333,154.33333333333334,20.6,45.89,3.75,0.0,57.32083333333333,Moderate
2025-03-03,57.32083333333333,151.10833333333332,30.34583333333333,28.258333333333336,95.5,151.83333333333334,20.77,33.78,2.3,0.0,86.89583333333333,High
2025-03-04,86.89583333333333,380.9708333333333,24.066666666666666,22.97083333333333,82.91666666666667,160.75,20.32,39.08,4.66,0.0,137.97916666666666,Very High
2025-03-05,137.97916666666666,929.8416666666667,10.179166666666667,13.299999999999999,100.58333333333333,533.9583333333334,17.4,29.95,7.11,0.0,98.79583333333333,Very High
2025-03-06,98.79583333333333,573.5083333333333,24.020833333333332,19.145833333333332,81.08333333333333,722.0,18.08,27.46,4.89,0.0,74.00416666666666,High
2025-03-07,74.00416666666666,323.37083333333334,31.27916666666667,25.78333333333333,88.125,298.6666666666667,19.71,29.36,3.2,0.0,76.7625,High
2025-03-08,76.7625,354.6375,30.270833333333332,25.583333333333332,98.25,195.16666666666666,21.37,30.1,3.34,0.0,89.625,High
2025-03-09,89.625,350.97499999999997,38.06666666666667,33.52916666666667,104.79166666666667,240.45833333333334,23.17,28.32,2.58,0.0,79.43333333333332,High
2025-03-10,79.43333333333332,316.78333333333336,29.5625,27.170833333333334,108.04166666666667,178.79166666666666,23.86,28.97,3.26,0.0,81.47083333333333,High
2025-03-11,81.47083333333333,204.8375,37.86666666666667,36.175000000000004,109.41666666666667,173.125,24.95,31.41,2.39,0.0,77.18333333333334,High
2025-03-12,77.18333333333334,356.78749999999997,21.7625,24.4875,84.33333333333333,164.83333333333334,25.54,37.05,3.45,0.0,66.875,High
2025-03-13,66.875,236.9375,25.962500000000002,24.883333333333336,88.875,211.91666666666666,27.48,38.0,1.92,0.22,63.637499999999996,High
2025-03-14,63.637499999999996,225.49166666666667,27.775000000000002,29.233333333333334,97.91666666666667,154.70833333333334,27.97,35.16,1.9,1.55,56.31666666666666,Moderate
2025-03-15,56.31666666666666,320.82916666666665,22.191666666666666,17.141666666666666,96.58333333333333,158.58333333333334,26.17,34.74,3.17,0.06,57.71666666666667,Moderate
2025-03-16,57.71666666666667,322.00416666666666,17.270833333333332,16.141666666666666,92.91666666666667,183.95833333333334,24.39,36.11,3.56,0.14,68.82083333333334,High
2025-03-17,68.82083333333334,388.31666666666666,17.658333333333335,17.3625,97.91666666666667,195.125,23.08,37.59,3.25,0.0,69.04166666666667,High
2025-03-18,69.04166666666667,409.02500000000003,19.008333333333333,17.229166666666668,107.66666666666667,274.6666666666667,23.01,32.91,3.18,0.0,70.09583333333333,High
2025-03-19,70.09583333333333,385.7833333333333,22.183333333333334,20.283333333333335,105.08333333333333,256.3333333333333,24.59,26.63,3.08,0.0,62.6625,High
2025-03-20,62.6625,303.4291666666667,21.979166666666668,21.65833333333333,97.33333333333333,194.0,25.13,25.87,3.04,0.0,77.10000000000001,High
2025-03-21,77.10000000000001,481.31666666666666,19.195833333333333,16.841666666666665,90.70833333333333,257.0,24.86,26.81,4.07,0.0,62.00416666666666,High
2025-03-22,62.00416666666666,275.06666666666666,23.608333333333334,19.6375,96.25,310.375,24.69,22.56,2.87,0.0,66.14583333333333,High
2025-03-23,66.14583333333333,155.33333333333334,41.9,38.262499999999996,109.04166666666667,162.58333333333334,25.11,20.84,1.91,0.2,67.65416666666667,High
2025-03-24,67.65416666666667,185.57083333333333,35.137499999999996,34.80416666666667,124.83333333333333,164.5,26.4,17.23,2.29,0.0,73.06666666666666,High
2025-03-25,73.06666666666666,203.20000000000002,36.1625,33.916666666666664,125.875,168.5,27.38,19.38,2.6,0.0,68.20833333333333,High
2025-03-26,68.20833333333333,199.77916666666667,39.6625,32.766666666666666,100.58333333333333,159.70833333333334,30.47,19.44,1.53,0.0,76.78333333333333,High
2025-03-27,76.78333333333333,371.2833333333333,34.170833333333334,22.962500000000002,80.83333333333333,161.375,29.66,19.25,3.16,0.0,108.39583333333333,Very High
2025-03-28,108.39583333333333,705.5541666666667,19.070833333333333,16.558333333333334,101.29166666666667,419.8333333333333,26.13,11.72,5.0,0.0,133.76666666666668,Very High
2025-03-29,133.76666666666668,922.6208333333334,11.341666666666667,15.079166666666666,121.95833333333333,703.1666666666666,22.34,10.3,4.79,0.0,101.7625,Very High
2025-03-30,101.7625,702.8458333333333,14.291666666666666,16.670833333333334,117.5,726.4583333333334,24.53,11.33,4.4,0.0,68.42916666666666,High
2025-03-31,68.42916666666666,427.8333333333333,16.3875,18.349999999999998,118.83333333333333,466.7083333333333,25.55,12.65,3.78,0.0,71.57916666666667,High
2025-04-01,71.57916666666667,437.45416666666665,18.454166666666666,17.191666666666666,111.29166666666667,313.5,25.98,16.39,3.59,0.0,58.54583333333333,Moderate
2025-04-02,58.54583333333333,266.6458333333333,26.066666666666666,21.5,107.375,263.0416666666667,28.07,13.08,2.13,0.0,48.666666666666664,Moderate
2025-04-03,48.666666666666664,201.55416666666667,23.004166666666666,28.204166666666666,122.91666666666667,141.125,29.69,11.41,1.34,0.0,56.37916666666666,Moderate
2025-04-04,56.37916666666666,269.9916666666667,19.587500000000002,22.558333333333334,112.83333333333333,143.83333333333334,29.37,14.3,2.72,0.0,74.22083333333333,High
2025-04-05,74.22083333333333,434.7708333333333,15.666666666666666,18.129166666666666,114.41666666666667,260.625,28.32,19.24,3.48,0.0,47.20416666666667,Moderate
2025-04-06,47.20416666666667,193.42916666666667,23.770833333333332,21.191666666666666,116.29166666666667,197.41666666666666,30.31,16.07,2.81,0.0,61.54583333333333,High
2025-04-07,61.54583333333333,220.13750000000002,30.483333333333334,29.733333333333334,133.83333333333334,159.29166666666666,31.6,16.86,2.94,0.0,70.55833333333334,High
2025-04-08,70.55833333333334,302.5833333333333,24.116666666666664,24.633333333333336,133.875,167.54166666666666,31.5,16.94,4.13,0.0,73.325,High
2025-04-09,73.325,283.84999999999997,21.829166666666666,25.441666666666666,136.5,186.95833333333334,32.23,22.7,2.92,0.0,96.50416666666666,Very High
2025-04-10,96.50416666666666,474.9791666666667,18.695833333333333,27.008333333333336,136.45833333333334,196.20833333333334,32.64,26.03,2.18,0.17,113.27916666666665,Very High
2025-04-11,113.27916666666665,666.4375,15.945833333333333,26.120833333333334,130.75,508.6666666666667,31.09,33.81,4.77,1.92,80.41666666666667,High
2025-04-12,80.41666666666667,353.8333333333333,17.258333333333333,28.0625,140.08333333333334,412.875,29.21,37.59,2.49,1.1,55.85,Moderate
2025-04-13,55.85,176.99166666666667,22.7375,25.962500000000002,133.875,174.54166666666666,30.67,28.17,2.04,0.0,70.83749999999999,High
2025-04-14,70.83749999999999,331.2708333333333,22.7,25.070833333333336,131.83333333333334,165.70833333333334,30.47,25.88,3.17,0.0,57.0375,Moderate
2025-04-15,57.0375,268.56666666666666,17.9875,21.445833333333336,137.5,190.41666666666666,30.98,29.1,3.33,0.0,72.34583333333333,High
2025-04-16,72.34583333333333,311.08750000000003,19.304166666666667,23.037499999999998,141.20833333333334,166.625,32.04,27.42,3.09,0.0,68.3375,High
2025-04-17,68.3375,296.975,19.2375,22.795833333333334,139.875,187.91666666666666,33.11,25.1,2.98,0.12,71.90833333333333,High
2025-04-18,71.90833333333333,318.19166666666666,18.954166666666666,26.78333333333333,147.95833333333334,177.5,33.37,25.63,3.23,0.0,99.19166666666666,Very High
2025-04-19,99.19166666666666,610.1708333333333,11.966666666666667,21.733333333333334,151.41666666666666,313.375,33.11,29.96,6.23,0.66,95.95,Very High
2025-04-20,95.95,535.0916666666667,13.012500000000001,22.108333333333334,143.08333333333334,542.375,33.06,27.35,4.44,0.0,75.05833333333334,High
2025-04-21,75.05833333333334,350.59999999999997,20.162499999999998,24.724999999999998,129.58333333333334,283.2083333333333,33.41,15.3,2.79,0.0,68.10833333333333,High
2025-04-22,68.10833333333333,387.4708333333333,20.525000000000002,16.025000000000002,111.33333333333333,197.04166666666666,31.49,8.6,3.62,0.0,78.87083333333334,High
2025-04-23,78.87083333333334,453.91249999999997,19.233333333333334,17.3125,126.08333333333333,279.2083333333333,31.97,11.75,3.86,0.0,63.46666666666667,High
2025-04-24,63.46666666666667,290.6708333333333,25.21666666666667,19.366666666666667,113.375,311.875,33.22,6.93,2.26,0.0,54.949999999999996,Moderate
2025-04-25,54.949999999999996,217.6208333333333,27.295833333333334,21.2,117.70833333333333,155.33333333333334,33.22,8.1,2.76,0.0,50.225,Moderate
2025-04-26,50.225,161.08333333333334,35.541666666666664,23.895833333333332,121.04166666666667,148.95833333333334,34.22,9.49,2.34,0.0,65.58333333333333,High
2025-04-27,65.58333333333333,335.37916666666666,18.587500000000002,18.779166666666665,126.5,161.79166666666666,33.14,12.17,2.11,0.0,77.35416666666667,High
2025-04-28,77.35416666666667,418.8625,18.033333333333335,20.579166666666666,141.91666666666666,234.04166666666666,32.68,15.72,4.17,0.0,85.70416666666667,High
2025-04-29,85.70416666666667,441.5708333333334,14.862499999999999,24.558333333333334,158.66666666666666,316.125,30.9,23.65,4.43,0.0,75.74583333333334,High
2025-04-30,75.74583333333334,378.15000000000003,14.975,22.099999999999998,155.625,246.04166666666666,31.55,30.42,4.44,0.0,87.27916666666665,High
2025-05-01,87.27916666666665,430.6541666666667,14.262500000000001,23.2625,147.25,299.4583333333333,31.98,33.83,4.89,0.01,73.80833333333334,High
2025-05-02,73.80833333333334,232.60833333333335,20.0,26.441666666666666,144.20833333333334,222.83333333333334,28.81,51.26,3.29,12.9,71.16666666666667,High
2025-05-03,71.16666666666667,239.80416666666667,20.695833333333333,24.379166666666666,156.0,175.16666666666666,28.57,52.19,2.91,6.96,77.39999999999999,High
2025-05-04,77.39999999999999,367.50416666666666,18.075,23.34166666666667,144.83333333333334,181.0,29.66,47.06,4.92,6.74,67.27083333333333,High
2025-05-05,67.27083333333333,279.09999999999997,15.945833333333333,21.870833333333334,136.79166666666666,194.41666666666666,29.2,51.07,3.68,4.61,68.50416666666666,High
2025-05-06,68.50416666666666,250.4125,19.825,22.712500000000002,118.875,159.0,29.33,41.23,3.27,0.44,62.19166666666666,High
2025-05-07,62.19166666666666,231.27083333333334,17.491666666666667,21.77916666666667,133.83333333333334,161.20833333333334,31.04,42.05,3.17,0.04,70.72500000000001,High
2025-05-08,70.72500000000001,273.6791666666667,30.804166666666664,22.52916666666667,104.875,155.875,31.12,43.49,3.43,0.08,62.05833333333334,High
2025-05-09,62.05833333333334,231.52083333333334,27.829166666666666,25.349999999999998,107.45833333333333,162.41666666666666,31.33,42.01,2.57,0.78,53.42916666666667,Moderate
2025-05-10,53.42916666666667,170.6625,21.59166666666667,29.066666666666666,130.20833333333334,159.25,32.01,44.7,2.11,1.11,77.63333333333334,High
2025-05-11,77.63333333333334,319.65416666666664,28.02916666666667,24.483333333333334,114.0,154.54166666666666,33.3,41.14,1.82,0.0,92.09166666666665,Very High
2025-05-12,92.09166666666665,477.22499999999997,28.0125,21.037499999999998,108.04166666666667,361.0416666666667,34.0,32.25,2.86,0.0,87.075,High
2025-05-13,87.075,473.9916666666666,34.104166666666664,18.404166666666665,86.125,343.5,34.08,37.81,4.19,0.8,87.29166666666667,High
2025-05-14,87.29166666666667,436.59999999999997,35.6,19.308333333333334,94.70833333333333,349.3333333333333,33.9,37.71,2.56,1.55,85.86666666666667,High
2025-05-15,85.86666666666667,419.89166666666665,42.541666666666664,23.15833333333333,98.75,265.9583333333333,35.04,27.46,2.49,0.0,79.15416666666667,High
2025-05-16,79.15416666666667,383.0833333333333,36.916666666666664,23.583333333333332,114.75,328.7083333333333,36.41,25.4,3.55,0.31,76.7,High
2025-05-17,76.7,421.40000000000003,20.5,20.704166666666666,128.0,219.0,35.78,26.85,3.8,0.11,75.1375,High
2025-05-18,75.1375,336.87083333333334,18.320833333333333,19.9375,145.0,256.0,35.87,27.74,3.26,0.02,92.21249999999999,Very High
2025-05-19,92.21249999999999,400.10833333333335,15.841666666666667,26.075,166.0,246.375,35.48,23.43,3.22,0.0,107.375,Very High
2025-05-20,107.375,492.4041666666667,15.674999999999999,23.991666666666664,161.58333333333334,322.0,36.28,25.06,3.46,0.0,114.51666666666667,Very High
2025-05-21,114.51666666666667,596.0541666666667,14.545833333333334,24.895833333333332,165.58333333333334,425.0,36.9,24.03,4.0,0.0,129.98749999999998,Very High
2025-05-22,129.98749999999998,730.775,15.104166666666666,26.97083333333333,155.16666666666666,568.0,31.36,44.63,4.44,13.11,101.35000000000001,Very High
2025-05-23,101.35000000000001,610.7208333333333,13.862499999999999,21.9875,151.83333333333334,560.7083333333334,32.68,38.75,4.24,0.0,92.30833333333334,Very High
2025-05-24,92.30833333333334,507.25,13.2875,18.5,140.0,414.0,33.54,37.73,5.15,2.07,96.54166666666667,Very High
2025-05-25,96.54166666666667,512.2666666666667,14.299999999999999,19.791666666666668,143.5,470.125,30.6,54.34,3.5,20.03,56.73333333333333,Moderate
2025-05-26,56.73333333333333,146.17916666666667,26.633333333333336,25.625,144.54166666666666,234.29166666666666,31.97,48.46,3.23,0.23,56.604166666666664,Moderate
2025-05-27,56.604166666666664,150.73749999999998,28.870833333333334,24.2625,125.45833333333333,160.79166666666666,32.94,41.29,2.26,0.0,68.4375,High
2025-05-28,68.4375,185.08333333333334,28.724999999999998,29.21666666666667,139.33333333333334,168.04166666666666,33.92,45.99,2.22,0.53,93.65416666666665,Very High
2025-05-29,93.65416666666665,278.85833333333335,38.18333333333333,34.99583333333333,123.33333333333333,172.625,34.71,42.33,1.95,0.0,100.89999999999999,Very High
2025-05-30,100.89999999999999,337.8041666666667,33.9125,31.7,128.70833333333334,182.29166666666666,34.38,42.26,1.48,0.38,115.52916666666665,Very High
2025-05-31,115.52916666666665,419.65000000000003,34.854166666666664,32.8125,136.70833333333334,318.25,34.29,33.24,2.05,0.18,91.24583333333334,Very High
2025-06-01,91.24583333333334,435.14166666666665,21.96666666666667,18.091666666666665,96.54166666666667,214.625,32.98,40.29,4.74,4.8,77.55416666666666,High
2025-06-02,77.55416666666666,304.25,22.400000000000002,20.3125,117.83333333333333,283.1666666666667,31.39,46.42,1.86,1.33,82.6375,High
2025-06-03,82.6375,369.5833333333333,21.59166666666667,27.175,126.625,178.70833333333334,30.76,39.17,1.73,0.0,93.02083333333333,Very High
2025-06-04,93.02083333333333,418.34999999999997,18.833333333333332,20.358333333333334,134.95833333333334,244.29166666666666,30.8,39.34,1.97,0.26,100.36666666666667,Very High
2025-06-05,100.36666666666667,395.4708333333333,24.90416666666667,33.487500000000004,150.25,308.7916666666667,32.28,38.34,1.44,0.01,79.22083333333333,High
2025-06-06,79.22083333333333,290.48333333333335,24.916666666666668,22.041666666666668,131.41666666666666,206.375,33.28,34.1,1.81,0.0,79.27916666666667,High
2025-06-07,79.27916666666667,265.56666666666666,22.691666666666666,22.3625,140.41666666666666,177.83333333333334,34.66,31.95,2.06,0.0,107.7375,Very High
2025-06-08,107.7375,558.7541666666667,23.179166666666664,20.641666666666666,132.375,210.0,36.93,29.6,2.57,0.0,118.75833333333333,Very High
2025-06-09,118.75833333333333,647.0,29.400000000000002,21.7625,117.58333333333333,534.4583333333334,37.85,24.42,2.58,0.0,120.27916666666665,Very High
2025-06-10,120.27916666666665,746.2291666666666,33.733333333333334,17.599999999999998,94.5,590.5833333333334,37.75,21.43,3.34,0.0,100.40416666666665,Very High
2025-06-11,100.40416666666665,491.0416666666667,27.204166666666666,20.783333333333335,125.0,553.5,37.93,22.58,2.41,0.0,109.54583333333333,Very High
2025-06-12,109.54583333333333,449.87916666666666,16.650000000000002,26.129166666666666,159.5,356.375,37.77,27.84,2.69,0.0,106.45,Very High
2025-06-13,106.45,544.9,16.116666666666667,23.8125,145.875,367.1666666666667,37.99,33.0,3.57,1.24,90.375,Very High
2025-06-14,90.375,371.6958333333334,20.504166666666666,26.733333333333334,153.625,373.9166666666667,36.81,34.83,2.38,4.19,103.21249999999999,Very High
2025-06-15,103.21249999999999,464.3416666666667,21.329166666666666,27.129166666666666,140.375,256.9583333333333,35.63,38.54,3.59,0.2,84.35416666666667,High
2025-06-16,84.35416666666667,272.7625,21.854166666666668,26.520833333333332,134.79166666666666,249.08333333333334,33.25,53.61,3.45,9.31,57.541666666666664,Moderate
2025-06-17,57.541666666666664,104.95,32.09166666666667,29.575,121.16666666666667,165.20833333333334,32.52,58.95,2.69,1.16,51.06666666666666,Moderate
2025-06-18,51.06666666666666,65.39583333333333,30.325,31.1125,113.08333333333333,154.29166666666666,29.89,74.29,2.5,18.82,45.15833333333333,Moderate
2025-06-19,45.15833333333333,70.95,26.066666666666666,24.837500000000002,117.83333333333333,137.25,32.24,60.04,3.76,0.16,41.6875,Moderate
2025-06-20,41.6875,83.55833333333334,26.025000000000002,22.366666666666664,95.66666666666667,117.41666666666667,33.21,58.38,3.65,0.74,58.862500000000004,Moderate
2025-06-21,58.862500000000004,111.8125,31.833333333333332,28.2375,117.83333333333333,152.625,34.39,51.18,3.35,0.11,55.225,Moderate
2025-06-22,55.225,88.21249999999999,33.925000000000004,29.583333333333332,125.875,162.70833333333334,34.88,49.49,1.82,0.31,64.09583333333333,High
2025-06-23,64.09583333333333,139.31666666666666,27.53333333333333,27.125,127.04166666666667,162.79166666666666,34.15,53.1,2.74,3.28,62.604166666666664,High
2025-06-24,62.604166666666664,124.48750000000001,26.77916666666667,31.037499999999998,144.20833333333334,172.25,34.02,51.05,2.0,1.04,45.375,Moderate
2025-06-25,45.375,73.27916666666667,27.058333333333334,22.150000000000002,106.29166666666667,145.83333333333334,34.03,51.69,4.18,0.61,42.050000000000004,Moderate
2025-06-26,42.050000000000004,86.50416666666666,21.541666666666668,20.4375,103.75,124.45833333333333,34.08,53.01,4.88,0.43,37.88333333333333,Moderate
2025-06-27,37.88333333333333,92.09583333333335,22.354166666666668,20.154166666666665,105.75,121.20833333333333,34.7,49.95,4.41,0.37,42.68333333333334,Moderate
2025-06-28,42.68333333333334,63.94166666666666,25.695833333333336,25.787499999999998,124.79166666666667,130.83333333333334,33.5,54.03,3.17,9.25,51.34583333333333,Moderate
2025-06-29,51.34583333333333,84.11666666666666,41.233333333333334,35.50416666666667,77.83333333333333,128.875,32.06,64.5,2.59,15.13,42.475,Moderate
2025-06-30,42.475,73.75416666666666,31.054166666666664,24.208333333333332,79.29166666666667,130.625,27.98,87.23,3.32,43.59,43.291666666666664,Moderate
2025-07-01,43.291666666666664,59.487500000000004,35.86666666666667,28.900000000000002,98.04166666666667,125.375,30.61,65.92,2.98,2.1,41.13333333333333,Moderate
2025-07-02,41.13333333333333,56.637499999999996,32.4125,23.358333333333334,101.58333333333333,134.66666666666666,31.8,64.87,3.26,2.66,37.141666666666666,Moderate
2025-07-03,37.141666666666666,61.12083333333334,25.045833333333334,19.791666666666668,95.16666666666667,101.41666666666667,32.16,64.38,3.83,0.31,45.22083333333333,Moderate
2025-07-04,45.22083333333333,62.34583333333333,30.229166666666668,31.712500000000002,114.625,129.375,31.73,68.34,2.97,3.54,68.125,High
2025-07-05,68.125,77.96249999999999,38.90833333333333,41.645833333333336,134.58333333333334,163.79166666666666,32.46,64.19,2.43,0.24,76.50416666666668,High
2025-07-06,76.50416666666668,100.66666666666667,35.75416666666667,41.045833333333334,153.83333333333334,179.875,31.16,70.86,2.41,15.02,64.825,High
2025-07-07,64.825,95.3125,35.25,37.108333333333334,125.58333333333333,169.41666666666666,32.05,67.35,1.73,0.83,70.45416666666667,High
2025-07-08,70.45416666666667,174.3708333333333,46.07916666666667,28.058333333333334,77.41666666666667,157.54166666666666,31.84,69.82,1.97,12.04,58.69583333333333,Moderate
2025-07-09,58.69583333333333,135.79166666666666,44.8375,33.02916666666667,94.20833333333333,154.54166666666666,30.84,71.74,2.47,7.32,52.79583333333333,Moderate
2025-07-10,52.79583333333333,61.5625,49.70416666666667,36.35,62.5,150.20833333333334,28.07,84.64,3.23,21.92,69.64999999999999,High
2025-07-11,69.64999999999999,76.29583333333333,59.85833333333333,39.72083333333333,72.41666666666667,150.5,30.23,71.62,1.69,1.85,79.71666666666667,High
2025-07-12,79.71666666666667,93.47083333333335,45.85833333333333,41.329166666666666,119.375,174.20833333333334,31.18,68.06,1.96,3.31,71.0625,High
2025-07-13,71.0625,78.01666666666667,50.291666666666664,28.616666666666664,72.70833333333333,164.91666666666666,29.16,76.68,2.32,11.04,30.054166666666664,Moderate
2025-07-14,30.054166666666664,34.67916666666667,16.408333333333335,13.9375,103.04166666666667,107.33333333333333,28.8,81.26,5.55,5.73,31.541666666666668,Moderate
2025-07-15,31.541666666666668,63.85,19.579166666666666,17.083333333333332,87.5,88.375,29.0,81.5,7.27,2.63,48.62916666666666,Moderate
2025-07-16,48.62916666666666,80.33749999999999,26.991666666666664,22.150000000000002,102.70833333333333,115.5,28.18,78.12,4.17,8.45,48.69583333333333,Moderate
2025-07-17,48.69583333333333,68.37916666666666,29.462500000000002,23.758333333333336,94.5,134.08333333333334,28.82,78.18,3.35,5.63,41.079166666666666,Moderate
2025-07-18,41.079166666666666,59.9375,17.120833333333334,15.6875,99.66666666666667,140.54166666666666,28.83,76.98,6.47,3.55,39.47083333333333,Moderate
2025-07-19,39.47083333333333,126.18333333333334,26.900000000000002,20.879166666666666,85.75,90.58333333333333,29.38,76.54,5.43,0.36,64.27499999999999,High
2025-07-20,64.27499999999999,233.4,40.15,24.295833333333334,79.625,143.95833333333334,31.04,70.69,3.36,0.2,69.07083333333334,High
2025-07-21,69.07083333333334,118.19583333333333,50.47083333333333,34.50833333333333,67.70833333333333,154.79166666666666,30.02,72.1,2.59,0.53,80.48333333333333,High
2025-07-22,80.48333333333333,88.05416666666667,53.112500000000004,36.270833333333336,81.41666666666667,165.54166666666666,29.39,79.71,1.96,1.53,67.1375,High
2025-07-23,67.1375,189.0666666666667,32.07083333333333,21.1875,79.33333333333333,155.54166666666666,29.87,82.6,2.37,19.98,74.57083333333334,High
2025-07-24,74.57083333333334,269.48333333333335,32.012499999999996,19.720833333333335,84.75,156.83333333333334,31.09,74.16,2.58,1.25,89.37916666666666,High
2025-07-25,89.37916666666666,389.1666666666667,33.574999999999996,19.220833333333335,79.75,178.95833333333334,31.91,71.93,2.28,4.02,75.825,High
2025-07-26,75.825,179.7125,47.387499999999996,37.0875,111.125,259.4166666666667,32.27,69.54,1.59,0.49,61.979166666666664,High
2025-07-27,61.979166666666664,88.72500000000001,41.395833333333336,28.520833333333332,108.375,167.0,31.35,69.97,3.07,0.0,66.42083333333333,High
2025-07-28,66.42083333333333,76.10833333333333,33.175000000000004,35.40416666666667,128.45833333333334,165.83333333333334,29.46,77.1,1.28,2.38,51.512499999999996,Moderate
2025-07-29,51.512499999999996,58.487500000000004,33.204166666666666,27.96666666666667,87.95833333333333,156.0,28.56,85.44,1.9,11.6,44.24166666666667,Moderate
2025-07-30,44.24166666666667,44.84166666666667,29.458333333333332,20.979166666666668,88.29166666666667,112.25,29.34,84.33,3.39,14.31,42.170833333333334,Moderate
2025-07-31,42.170833333333334,43.06666666666666,25.97083333333333,20.825,87.875,120.70833333333333,29.14,85.09,2.28,20.39,51.76666666666667,Moderate
2025-08-01,51.76666666666667,74.80416666666666,34.762499999999996,24.1875,75.125,134.54166666666666,29.74,81.49,1.67,4.72,49.96666666666667,Moderate
2025-08-02,49.96666666666667,107.2625,32.62916666666667,18.474999999999998,63.333333333333336,135.83333333333334,29.59,81.07,2.9,4.01,70.55,High
2025-08-03,70.55,175.79166666666666,43.26666666666667,20.5625,54.958333333333336,150.375,29.19,82.74,3.07,31.73,87.38333333333333,High
2025-08-04,87.38333333333333,267.4166666666667,52.73333333333333,32.050000000000004,77.25,160.83333333333334,29.26,83.93,3.76,40.62,76.45416666666667,High
2025-08-05,76.45416666666667,297.07916666666665,45.17083333333333,26.150000000000002,58.333333333333336,175.91666666666666,28.34,88.16,3.33,32.74,58.35833333333333,Moderate
2025-08-06,58.35833333333333,245.07916666666665,30.75,17.879166666666666,69.58333333333333,153.41666666666666,28.43,82.44,2.29,5.69,112.5125,Very High
2025-08-07,112.5125,681.2791666666667,28.075,14.225,69.95833333333333,289.75,29.14,78.66,3.27,0.51,126.8875,Very High
2025-08-08,126.8875,736.7541666666666,32.80416666666667,16.6125,64.45833333333333,672.2916666666666,29.74,77.12,2.93,8.36,92.14583333333333,Very High
2025-08-09,92.14583333333333,336.1041666666667,38.637499999999996,26.2625,68.95833333333333,450.7083333333333,28.42,83.7,1.96,9.64,98.67916666666667,Very High
2025-08-10,98.67916666666667,347.0416666666667,49.666666666666664,29.71666666666667,74.20833333333333,190.625,29.06,81.88,1.79,10.32,102.28750000000001,Very High
2025-08-11,102.28750000000001,453.2083333333333,45.666666666666664,27.016666666666666,67.0,237.25,29.49,82.53,2.55,12.83,79.55,High
2025-08-12,79.55,301.8666666666667,42.074999999999996,25.829166666666666,65.75,233.41666666666666,29.18,83.34,2.55,1.47,98.85416666666667,Very High
2025-08-13,98.85416666666667,365.5625,53.42083333333333,29.40833333333333,58.708333333333336,267.4583333333333,29.01,83.08,2.36,4.58,63.666666666666664,High
2025-08-14,63.666666666666664,115.91250000000001,55.824999999999996,32.94166666666667,49.791666666666664,166.54166666666666,27.34,89.8,2.62,24.4,78.30833333333334,High
2025-08-15,78.30833333333334,79.125,45.34583333333333,38.78333333333333,103.79166666666667,161.91666666666666,27.92,83.6,1.43,1.62,81.3,High
2025-08-16,81.3,82.57916666666667,38.775,34.975,115.45833333333333,172.5,28.38,83.95,2.23,3.19,53.237500000000004,Moderate
2025-08-17,53.237500000000004,55.35,27.520833333333332,23.420833333333334,95.41666666666667,156.375,29.06,84.89,2.39,3.8,47.02916666666667,Moderate
2025-08-18,47.02916666666667,69.7,27.400000000000002,19.216666666666665,81.83333333333333,131.95833333333334,28.01,90.4,3.18,3.45,48.09166666666667,Moderate
2025-08-19,48.09166666666667,155.21666666666667,24.05,19.454166666666666,101.70833333333333,138.25,28.77,83.85,2.67,1.7,40.3375,Moderate
2025-08-20,40.3375,128.38750000000002,22.900000000000002,18.783333333333335,84.66666666666667,122.95833333333333,28.55,84.55,3.66,0.11,37.69583333333333,Moderate
2025-08-21,37.69583333333333,65.92083333333333,26.09166666666667,21.416666666666668,92.45833333333333,110.45833333333333,28.94,84.6,3.07,6.28,64.93333333333334,High
2025-08-22,64.93333333333334,71.66666666666667,38.791666666666664,36.079166666666666,112.29166666666667,143.83333333333334,29.52,81.54,1.48,0.16,43.26666666666667,Moderate
2025-08-23,43.26666666666667,43.8125,33.045833333333334,25.84166666666667,75.58333333333333,149.16666666666666,28.47,86.76,2.06,7.24,36.87916666666667,Moderate
2025-08-24,36.87916666666667,52.32083333333333,29.25,19.345833333333335,78.29166666666667,105.58333333333333,28.29,86.64,3.36,2.01,28.554166666666664,Low
2025-08-25,28.554166666666664,28.599999999999998,18.287499999999998,16.529166666666665,89.33333333333333,91.54166666666667,27.19,92.24,4.41,14.84,20.545833333333334,Low
2025-08-26,20.545833333333334,20.766666666666666,20.337500000000002,15.358333333333334,77.25,72.625,27.86,87.58,3.99,1.06,41.166666666666664,Moderate
2025-08-27,41.166666666666664,42.21666666666667,32.12083333333333,26.525000000000002,97.58333333333333,97.83333333333333,28.73,85.08,2.02,5.43,57.449999999999996,Moderate
2025-08-28,57.449999999999996,61.9,27.858333333333334,27.270833333333332,116.95833333333333,150.70833333333334,28.75,84.1,2.23,3.61,36.94583333333333,Moderate
2025-08-29,36.94583333333333,40.416666666666664,27.2,20.720833333333335,76.875,132.58333333333334,27.16,90.71,3.6,35.83,36.487500000000004,Moderate
2025-08-30,36.487500000000004,39.13333333333333,26.775000000000002,21.5,87.20833333333333,100.66666666666667,27.84,89.03,3.21,20.58,35.75416666666667,Moderate
2025-08-31,35.75416666666667,35.854166666666664,26.71666666666667,20.583333333333332,72.29166666666667,106.25,27.23,92.43,3.0,47.12,21.275000000000002,Low
2025-09-01,21.275000000000002,21.354166666666668,21.375,17.25,71.70833333333333,86.79166666666667,26.64,91.2,4.08,22.21,18.716666666666665,Low
2025-09-02,18.716666666666665,18.875,19.375,13.725,72.20833333333333,63.625,26.68,90.94,4.99,34.28,17.483333333333334,Low
2025-09-03,17.483333333333334,17.645833333333332,23.21666666666667,16.266666666666666,69.04166666666667,64.20833333333333,26.81,90.66,2.85,18.0,29.179166666666664,Low
2025-09-04,29.179166666666664,34.34583333333333,25.208333333333332,18.316666666666666,84.79166666666667,85.375,27.73,85.18,1.98,42.69,30.141666666666666,Moderate
2025-09-05,30.141666666666666,35.645833333333336,20.883333333333333,16.758333333333333,89.875,97.95833333333333,26.75,89.64,4.71,8.89,32.574999999999996,Moderate
2025-09-06,32.574999999999996,33.824999999999996,17.6125,17.829166666666666,102.375,93.79166666666667,27.6,88.02,3.78,0.49,38.85,Moderate
2025-09-07,38.85,39.420833333333334,27.3625,20.325,85.375,104.08333333333333,27.51,88.05,3.07,0.74,44.81666666666666,Moderate
2025-09-08,44.81666666666666,47.416666666666664,39.85,29.820833333333336,86.625,115.95833333333333,27.41,85.93,2.18,4.12,45.7125,Moderate
2025-09-09,45.7125,74.46666666666667,38.15833333333333,22.8875,76.95833333333333,143.58333333333334,27.96,84.64,2.86,2.14,35.291666666666664,Moderate
2025-09-10,35.291666666666664,128.6625,16.075,13.7875,87.20833333333333,99.79166666666667,27.33,85.49,4.49,0.0,44.020833333333336,Moderate
2025-09-11,44.020833333333336,164.05416666666667,22.650000000000002,13.166666666666666,62.75,111.0,26.78,83.76,3.94,0.0,47.7125,Moderate
2025-09-12,47.7125,127.96249999999999,34.99583333333333,19.308333333333334,56.75,126.95833333333333,27.69,81.75,2.77,0.06,52.67916666666667,Moderate
2025-09-13,52.67916666666667,96.33333333333333,46.06666666666666,27.05,61.791666666666664,142.83333333333334,28.34,76.07,1.57,2.22,55.42083333333333,Moderate
2025-09-14,55.42083333333333,81.25416666666666,53.541666666666664,31.604166666666668,63.333333333333336,148.25,28.41,78.05,2.2,0.16,46.175000000000004,Moderate
2025-09-15,46.175000000000004,74.4375,45.42916666666667,26.4375,66.95833333333333,135.04166666666666,28.05,82.12,2.88,0.04,45.50416666666666,Moderate
2025-09-16,45.50416666666666,67.19166666666666,38.87916666666667,28.0125,82.29166666666667,130.08333333333334,28.57,77.49,1.56,1.15,54.07916666666667,Moderate
2025-09-17,54.07916666666667,83.25416666666666,29.891666666666666,29.90416666666667,98.08333333333333,127.41666666666667,28.53,80.07,1.71,21.17,59.666666666666664,Moderate
2025-09-18,59.666666666666664,88.04166666666667,26.920833333333334,29.325,103.70833333333333,152.41666666666666,28.0,83.26,1.45,1.54,58.512499999999996,Moderate
2025-09-19,58.512499999999996,78.19166666666666,35.375,32.925000000000004,90.125,153.08333333333334,28.25,81.67,2.23,1.07,47.3375,Moderate
2025-09-20,47.3375,105.82916666666667,29.962500000000002,21.570833333333336,82.83333333333333,143.66666666666666,27.57,79.8,2.94,0.0,40.96666666666667,Moderate
2025-09-21,40.96666666666667,118.25833333333333,22.620833333333334,17.0625,88.75,116.41666666666667,26.7,79.21,3.13,0.0,45.21666666666667,Moderate
2025-09-22,45.21666666666667,160.84166666666667,24.21666666666667,16.991666666666667,90.875,119.75,25.97,77.63,3.14,0.0,42.416666666666664,Moderate
2025-09-23,42.416666666666664,163.33333333333334,20.608333333333334,14.737499999999999,90.08333333333333,117.66666666666667,25.83,76.49,3.34,0.0,46.65416666666667,Moderate
2025-09-24,46.65416666666667,193.23333333333335,21.325,15.241666666666667,87.0,122.04166666666667,26.04,73.43,3.3,0.0,43.68333333333334,Moderate
2025-09-25,43.68333333333334,172.3791666666667,22.291666666666668,16.358333333333334,84.79166666666667,127.25,26.02,74.8,3.01,0.0,43.15833333333333,Moderate
2025-09-26,43.15833333333333,177.1875,21.633333333333336,17.808333333333334,92.08333333333333,114.79166666666667,26.34,77.33,3.16,0.0,59.09166666666667,Moderate
2025-09-27,59.09166666666667,161.39583333333334,30.375,27.150000000000002,114.58333333333333,156.83333333333334,28.45,79.25,1.43,0.0,35.979166666666664,Moderate
2025-09-28,35.979166666666664,74.53750000000001,26.129166666666666,22.870833333333334,93.08333333333333,131.45833333333334,28.25,82.42,3.11,0.0,34.920833333333334,Moderate
2025-09-29,34.920833333333334,56.85,23.545833333333334,25.183333333333334,97.08333333333333,99.41666666666667,27.92,82.78,2.44,0.66,43.5625,Moderate
2025-09-30,43.5625,67.15416666666667,30.704166666666666,33.670833333333334,95.375,118.70833333333333,26.35,88.32,1.96,7.98,48.87916666666666,Moderate
2025-10-01,48.87916666666666,71.28750000000001,32.5625,36.4125,97.83333333333333,126.66666666666667,26.77,79.51,1.22,0.03,47.84583333333333,Moderate
2025-10-02,47.84583333333333,62.25833333333333,28.46666666666667,35.483333333333334,115.41666666666667,153.58333333333334,26.28,81.31,2.05,2.38,36.016666666666666,Moderate
2025-10-03,36.016666666666666,48.666666666666664,27.412499999999998,26.087500000000002,98.66666666666667,121.625,26.46,83.0,1.8,0.03,65.10416666666667,High
2025-10-04,65.10416666666667,206.75,32.99166666666667,22.670833333333334,90.58333333333333,132.33333333333334,26.97,76.61,2.31,0.0,64.45,High
2025-10-05,64.45,203.02083333333334,32.608333333333334,23.675,94.875,155.5,26.79,67.73,1.94,0.28,52.39166666666667,Moderate
2025-10-06,52.39166666666667,122.63333333333333,35.858333333333334,31.895833333333332,81.75,154.0,24.99,81.68,1.96,13.65,26.441666666666666,Low
2025-10-07,26.441666666666666,36.4625,27.2625,23.912499999999998,75.79166666666667,98.75,23.76,87.72,3.03,14.87,42.083333333333336,Moderate
2025-10-08,42.083333333333336,56.00416666666666,32.5,30.974999999999998,68.66666666666667,100.5,22.14,81.68,2.2,0.84,42.59166666666666,Moderate
2025-10-09,42.59166666666666,129.6875,24.962500000000002,20.720833333333335,90.79166666666667,113.0,21.88,78.45,2.78,0.0,49.79583333333333,Moderate
2025-10-10,49.79583333333333,148.17916666666667,29.1375,23.170833333333334,100.83333333333333,134.91666666666666,22.21,67.44,1.83,0.0,49.47083333333333,Moderate
2025-10-11,49.47083333333333,148.9125,31.620833333333334,24.099999999999998,93.66666666666667,133.875,22.94,61.73,1.39,0.0,62.69583333333333,High
2025-10-12,62.69583333333333,273.84166666666664,23.09166666666667,20.895833333333332,102.875,146.79166666666666,23.53,69.84,2.07,0.0,59.03333333333333,Moderate
2025-10-13,59.03333333333333,151.875,33.583333333333336,26.45,102.41666666666667,156.70833333333334,23.99,56.77,1.25,0.0,62.699999999999996,High
2025-10-14,62.699999999999996,159.95833333333334,45.708333333333336,30.883333333333336,95.41666666666667,154.33333333333334,23.6,55.44,1.4,0.0,67.64583333333333,High
2025-10-15,67.64583333333333,145.11666666666667,57.1875,37.40416666666667,89.54166666666667,159.125,23.55,55.3,1.37,0.0,59.770833333333336,Moderate
2025-10-16,59.770833333333336,149.85416666666666,43.9625,30.958333333333332,101.45833333333333,154.45833333333334,23.23,55.43,1.68,0.0,62.800000000000004,High
2025-10-17,62.800000000000004,177.7458333333333,37.85,27.9375,104.875,155.25,23.72,62.22,1.28,0.0,77.64999999999999,High
2025-10-18,77.64999999999999,230.5375,50.62916666666666,35.92916666666667,95.75,160.66666666666666,23.69,66.53,1.57,0.0,95.53333333333335,Very High
2025-10-19,95.53333333333335,207.77916666666667,70.60000000000001,55.225,85.20833333333333,169.375,23.81,65.52,1.84,0.0,85.05833333333334,High
2025-10-20,85.05833333333334,181.7541666666667,59.57083333333333,45.229166666666664,87.16666666666667,170.70833333333334,24.01,65.73,2.0,0.0,89.35416666666667,High
2025-10-21,89.35416666666667,114.87916666666666,47.541666666666664,36.13333333333333,94.0,161.04166666666666,24.04,72.68,1.58,0.0,108.50833333333333,Very High
2025-10-22,108.50833333333333,173.25,52.166666666666664,38.262499999999996,87.66666666666667,179.625,24.85,66.67,1.52,0.0,62.229166666666664,High
2025-10-23,62.229166666666664,171.63333333333333,29.429166666666664,23.479166666666668,95.29166666666667,162.33333333333334,24.09,55.94,1.8,0.0,77.72083333333333,High
2025-10-24,77.72083333333333,148.35833333333332,49.012499999999996,32.32083333333333,82.25,156.79166666666666,23.5,53.52,1.56,0.0,100.0625,Very High
2025-10-25,100.0625,146.79999999999998,65.95,41.9,77.5,168.33333333333334,22.83,52.32,1.51,0.0,100.73333333333333,Very High
2025-10-26,100.73333333333333,133.97916666666666,67.54166666666667,42.65833333333333,79.41666666666667,175.375,23.09,49.0,1.37,0.0,88.57916666666667,High
2025-10-27,88.57916666666667,154.15833333333333,55.34583333333333,40.25416666666667,82.95833333333333,171.16666666666666,22.51,58.09,1.61,0.14,76.12916666666666,High
2025-10-28,76.12916666666666,109.53750000000001,42.175000000000004,36.516666666666666,68.04166666666667,161.79166666666666,20.95,75.55,1.7,0.21,93.97500000000001,Very High
2025-10-29,93.97500000000001,164.6,49.625,39.2125,72.70833333333333,164.83333333333334,22.92,70.8,1.24,0.01,103.37916666666666,Very High
2025-10-30,103.37916666666666,161.0875,58.82083333333333,51.78333333333333,74.125,171.54166666666666,23.02,78.93,1.43,1.39,101.43333333333334,Very High
2025-10-31,101.43333333333334,126.71666666666665,63.662499999999994,50.3125,70.04166666666667,177.83333333333334,23.62,76.05,2.53,0.01,96.80416666666667,Very High
2025-11-01,96.80416666666667,197.41666666666666,36.19583333333333,23.579166666666666,89.125,171.375,23.21,64.18,2.51,0.0,90.23333333333333,Very High
2025-11-02,90.23333333333333,213.40416666666667,24.162499999999998,19.754166666666666,98.16666666666667,169.83333333333334,21.88,60.14,3.23,0.0,79.07083333333334,High
2025-11-03,79.07083333333334,183.95833333333334,34.208333333333336,24.34583333333333,79.375,165.33333333333334,21.41,53.53,3.19,0.0,81.00833333333334,High
2025-11-04,81.00833333333334,172.15,50.27916666666667,34.512499999999996,70.16666666666667,165.41666666666666,20.47,56.64,1.84,0.0,79.90833333333333,High
2025-11-05,79.90833333333333,163.4625,31.745833333333334,30.099999999999998,82.625,162.29166666666666,21.47,53.4,2.25,0.0,60.13333333333333,High
2025-11-06,60.13333333333333,199.125,21.554166666666664,19.070833333333333,89.25,157.41666666666666,18.53,59.42,3.74,0.0,51.300000000000004,Moderate
2025-11-07,51.300000000000004,156.20000000000002,23.116666666666664,20.658333333333335,92.70833333333333,145.79166666666666,17.23,52.47,3.6,0.0,53.175000000000004,Moderate
2025-11-08,53.175000000000004,118.36666666666667,26.045833333333334,21.65833333333333,87.91666666666667,134.16666666666666,16.34,50.6,3.01,0.0,65.22500000000001,High
2025-11-09,65.22500000000001,123.19166666666666,27.349999999999998,22.5625,97.79166666666667,152.66666666666666,16.75,52.45,3.05,0.0,84.15833333333333,High
2025-11-10,84.15833333333333,117.97083333333335,38.55833333333333,28.6875,93.75,158.54166666666666,18.08,47.78,2.17,0.0,90.37083333333334,Very High
2025-11-11,90.37083333333334,136.47083333333333,31.1875,24.400000000000002,97.16666666666667,168.91666666666666,17.64,47.28,2.78,0.0,99.87083333333334,Very High
2025-11-12,99.87083333333334,136.62083333333334,28.058333333333334,25.7625,96.79166666666667,169.625,16.97,53.47,3.52,0.0,108.63333333333333,Very High
2025-11-13,108.63333333333333,132.47916666666666,31.558333333333334,29.125,101.45833333333333,177.08333333333334,16.77,51.62,2.76,0.0,87.07083333333333,High
2025-11-14,87.07083333333333,97.175,35.875,27.770833333333332,89.70833333333333,171.54166666666666,16.94,48.65,2.52,0.0,86.19583333333333,High
2025-11-15,86.19583333333333,90.02083333333333,33.99583333333333,30.125,85.29166666666667,166.70833333333334,17.13,46.68,2.71,0.0,67.64999999999999,High
2025-11-16,67.64999999999999,69.2,30.895833333333332,27.891666666666666,78.29166666666667,161.95833333333334,16.31,47.41,3.14,0.0,105.34583333333335,Very High
2025-11-17,105.34583333333335,107.0625,50.354166666666664,41.88333333333333,70.58333333333333,159.5,16.85,45.66,2.42,0.0,146.94166666666666,Very High
2025-11-18,146.94166666666666,148.78333333333333,68.15416666666667,52.979166666666664,74.83333333333333,195.20833333333334,17.94,44.29,2.04,0.0,138.78333333333333,Very High
2025-11-19,138.78333333333333,139.92916666666665,74.83333333333333,58.387499999999996,77.16666666666667,193.125,18.32,50.34,1.72,0.0,176.57916666666665,Very High
2025-11-20,176.57916666666665,178.07500000000002,94.22083333333335,80.53333333333333,92.08333333333333,207.16666666666666,17.37,64.17,2.41,0.0,178.19583333333333,Very High
2025-11-21,178.19583333333333,180.9958333333333,91.12916666666666,62.175000000000004,75.91666666666667,229.04166666666666,17.59,63.95,2.27,0.0,183.08333333333334,Very High
2025-11-22,183.08333333333334,186.6875,71.20833333333333,58.99166666666667,84.875,232.0,18.52,55.67,1.82,0.0,173.6625,Very High
2025-11-23,173.6625,176.11249999999998,58.62916666666666,52.0625,82.29166666666667,227.66666666666666,18.51,46.61,1.32,0.0,133.38333333333333,Very High
2025-11-24,133.38333333333333,135.24583333333334,49.762499999999996,46.225,95.0,208.45833333333334,17.42,46.77,1.73,0.0,93.375,Very High
2025-11-25,93.375,94.08333333333333,42.22083333333334,37.78333333333333,94.66666666666667,179.58333333333334,15.89,48.08,2.4,0.0,106.86666666666667,Very High
2025-11-26,106.86666666666667,107.85000000000001,50.666666666666664,50.229166666666664,90.91666666666667,168.0,16.42,44.76,1.49,0.0,136.42499999999998,Very High
2025-11-27,136.42499999999998,137.76666666666668,77.05833333333334,66.52499999999999,73.29166666666667,191.125,17.79,38.62,0.79,0.0,81.87916666666666,High
2025-11-28,81.87916666666666,83.1125,39.583333333333336,38.666666666666664,91.08333333333333,178.375,17.18,53.02,2.38,0.0,55.3375,Moderate
2025-11-29,55.3375,56.27916666666667,29.141666666666666,27.620833333333334,78.875,154.58333333333334,16.68,54.48,3.53,0.0,57.92916666666667,Moderate
2025-11-30,57.92916666666667,58.4625,29.03333333333333,30.291666666666668,90.04166666666667,146.70833333333334,14.69,44.21,3.79,0.0,98.53333333333335,Very High
2025-12-01,98.53333333333335,99.05833333333334,52.00833333333333,50.98333333333333,81.875,159.16666666666666,15.52,41.43,2.13,0.0,111.52499999999999,Very High
2025-12-02,111.52499999999999,112.22500000000001,56.44583333333333,52.895833333333336,75.70833333333333,181.70833333333334,16.46,51.65,1.98,0.0,90.80833333333334,Very High
2025-12-03,90.80833333333334,91.32083333333333,27.712500000000002,33.079166666666666,102.83333333333333,172.16666666666666,14.32,47.51,3.13,0.0,90.79583333333333,Very High
2025-12-04,90.79583333333333,91.24166666666667,30.09583333333333,36.28333333333333,99.58333333333333,169.04166666666666,13.37,49.44,3.33,0.0,93.5,Very High
2025-12-05,93.5,94.02499999999999,33.775,42.90416666666667,104.91666666666667,168.875,13.62,45.56,2.42,0.0,75.41250000000001,High
2025-12-06,75.41250000000001,76.1125,22.2375,32.608333333333334,108.25,165.79166666666666,14.33,51.46,4.0,0.0,73.84166666666667,High
2025-12-07,73.84166666666667,74.64999999999999,22.270833333333332,32.895833333333336,96.41666666666667,160.45833333333334,14.68,44.86,3.6,0.0,64.1125,High
2025-12-08,64.1125,65.69166666666666,20.483333333333334,33.15833333333333,109.54166666666667,156.0,16.27,46.28,4.16,0.0,53.72083333333333,Moderate
2025-12-09,53.72083333333333,54.61666666666667,21.791666666666668,29.266666666666666,96.91666666666667,152.625,14.67,47.23,4.44,0.0,64.1875,High
2025-12-10,64.1875,64.95416666666667,30.1125,34.78333333333333,85.54166666666667,141.95833333333334,14.82,45.33,3.17,0.0,97.72500000000001,Very High
2025-12-11,97.72500000000001,98.37083333333334,40.2875,45.61666666666667,80.66666666666667,167.125,15.94,41.44,2.62,0.0,161.11249999999998,Very High
2025-12-12,161.11249999999998,163.09583333333333,69.68333333333334,76.97916666666667,97.79166666666667,179.41666666666666,16.11,43.09,2.09,0.0,212.28333333333333,Very High
2025-12-13,212.28333333333333,215.01666666666665,77.77499999999999,83.33333333333333,108.66666666666667,253.33333333333334,16.52,51.18,1.49,0.0,230.84583333333333,Very High
2025-12-14,230.84583333333333,234.49166666666667,80.12083333333334,94.82916666666667,102.58333333333333,262.2916666666667,17.01,50.34,1.39,0.0,155.0,Very High
2025-12-15,155.0,158.48749999999998,50.7125,56.43333333333334,93.0,270.1666666666667,16.32,50.13,2.53,0.0,84.64583333333333,High
2025-12-16,84.64583333333333,86.58333333333333,20.212500000000002,41.5875,121.95833333333333,174.625,14.36,53.83,3.87,0.0,88.53750000000001,High
2025-12-17,88.53750000000001,92.28750000000001,23.554166666666664,31.791666666666668,99.91666666666667,166.41666666666666,14.9,52.28,3.14,0.0,134.07500000000002,Very High
2025-12-18,134.07500000000002,145.06666666666666,43.699999999999996,44.987500000000004,87.125,174.45833333333334,14.97,64.01,2.12,0.0,121.94583333333333,Very High
2025-12-19,121.94583333333333,124.8125,36.80833333333333,45.112500000000004,85.75,194.45833333333334,15.45,59.12,2.53,0.0,148.30833333333334,Very High
2025-12-20,148.30833333333334,149.77083333333334,61.550000000000004,67.55,88.16666666666667,185.95833333333334,14.61,47.18,1.74,0.0,205.01250000000002,Very High
2025-12-21,205.01250000000002,207.6291666666667,59.449999999999996,66.75416666666666,92.54166666666667,224.70833333333334,13.95,55.99,2.01,0.0,219.5583333333333,Very High
2025-12-22,219.5583333333333,222.60833333333335,72.325,86.09583333333335,101.91666666666667,262.4583333333333,15.97,59.08,1.16,0.0,131.42083333333332,Very High
2025-12-23,131.42083333333332,134.10416666666666,35.483333333333334,44.15,92.20833333333333,245.375,16.15,60.92,3.55,0.0,57.645833333333336,Moderate
2025-12-24,57.645833333333336,60.050000000000004,26.65833333333333,29.34583333333333,73.83333333333333,164.33333333333334,13.76,57.15,4.01,0.0,92.32083333333333,Very High
2025-12-25,92.32083333333333,94.82083333333333,48.9125,43.949999999999996,59.458333333333336,155.875,14.21,48.2,1.95,0.0,129.50416666666666,Very High
2025-12-26,129.50416666666666,131.23333333333332,59.270833333333336,57.62083333333334,57.708333333333336,185.16666666666666,14.57,46.98,1.52,0.0,147.80833333333334,Very High
2025-12-27,147.80833333333334,148.92083333333332,52.675000000000004,60.44166666666666,72.875,184.41666666666666,13.95,47.65,1.81,0.0,200.10833333333335,Very High
2025-12-28,200.10833333333335,201.29999999999998,65.91666666666667,69.16250000000001,65.625,243.66666666666666,13.37,47.97,2.04,0.0,181.02916666666667,Very High
2025-12-29,181.02916666666667,182.0875,59.09166666666667,60.262499999999996,78.08333333333333,233.875,14.25,45.59,2.17,0.0,147.83333333333334,Very High
2025-12-30,147.83333333333334,149.17083333333332,44.90833333333333,50.48333333333333,80.29166666666667,218.91666666666666,14.64,40.85,2.19,0.0,169.3125,Very High
