date,T2M,RH2M,WS10M,PRECTOTCORR
2023-01-01,12.9,49.9,1.7,0.0
2023-01-02,12.26,51.83,1.67,0.0
2023-01-03,9.98,54.61,2.95,0.0
2023-01-04,8.57,58.24,2.65,0.0
2023-01-05,8.75,59.63,2.5,0.0
2023-01-06,8.74,54.41,2.4,0.0
2023-01-07,9.69,48.08,3.25,0.0
2023-01-08,12.35,44.61,3.12,0.0
2023-01-09,13.14,47.41,2.57,0.0
2023-01-10,12.82,53.16,3.23,0.0
2023-01-11,13.51,64.57,2.62,0.07
2023-01-12,13.82,73.58,3.02,9.38
2023-01-13,16.43,73.27,2.64,0.09
2023-01-14,12.35,56.25,3.75,0.02
2023-01-15,7.77,39.37,3.75,0.0
2023-01-16,8.92,42.56,3.42,0.0
2023-01-17,8.98,42.16,3.63,0.0
2023-01-18,9.25,37.57,2.66,0.0
2023-01-19,11.7,44.03,1.69,0.0
2023-01-20,13.01,55.44,2.12,0.05
2023-01-21,14.18,59.32,1.5,0.0
2023-01-22,15.17,52.26,1.79,0.0
2023-01-23,16.07,52.71,2.2,0.35
2023-01-24,15.89,80.09,3.74,4.43
2023-01-25,16.17,80.75,2.17,0.11
2023-01-26,14.78,61.48,3.53,0.06
2023-01-27,11.84,49.23,3.89,0.0
2023-01-28,13.1,40.56,3.19,0.0
2023-01-29,14.95,45.38,2.94,0.0
2023-01-30,13.12,71.39,2.73,12.34
2023-01-31,14.2,75.93,4.3,0.0
2023-02-01,13.03,60.64,4.57,0.0
2023-02-02,14.1,51.38,4.46,0.0
2023-02-03,15.01,49.12,3.77,0.0
2023-02-04,16.33,47.67,4.33,0.0
2023-02-05,17.03,54.52,3.6,0.0
2023-02-06,18.89,43.21,2.41,0.0
2023-02-07,17.33,48.27,4.11,0.0
2023-02-08,15.54,41.86,3.86,0.0
2023-02-09,17.4,37.91,3.01,0.0
2023-02-10,18.28,48.72,2.95,0.0
2023-02-11,18.34,48.9,3.28,0.0
2023-02-12,15.02,35.73,4.66,0.0
2023-02-13,14.46,30.08,6.62,0.0
2023-02-14,16.48,31.98,4.58,0.0
2023-02-15,18.5,39.76,4.54,0.0
2023-02-16,19.38,45.6,1.93,0.0
2023-02-17,21.16,44.72,1.64,0.0
2023-02-18,21.1,40.2,2.11,0.0
2023-02-19,22.42,30.93,1.33,0.0
2023-02-20,22.51,35.46,2.44,0.0
2023-02-21,20.51,38.61,2.65,0.0
2023-02-22,20.45,39.34,3.17,0.03
2023-02-23,19.66,34.42,4.07,0.0
2023-02-24,19.93,34.05,3.31,0.0
2023-02-25,21.51,35.53,2.35,0.0
2023-02-26,23.46,31.11,1.55,0.0
2023-02-27,23.2,36.6,2.19,0.0
2023-02-28,22.43,39.87,2.22,0.0
2023-03-01,22.61,39.55,2.27,0.0
2023-03-02,23.1,41.26,3.16,0.0
2023-03-03,23.72,43.25,3.95,0.0
2023-03-04,22.69,41.03,3.6,0.0
2023-03-05,22.69,40.7,3.63,0.0
2023-03-06,22.67,37.77,3.63,0.0
2023-03-07,23.2,33.66,2.41,0.0
2023-03-08,24.22,32.63,1.38,0.02
2023-03-09,23.56,41.47,1.08,2.46
2023-03-10,23.32,38.86,2.36,0.0
2023-03-11,24.21,30.56,1.91,0.0
2023-03-12,25.53,31.8,1.65,0.0
2023-03-13,24.72,36.35,1.94,0.0
2023-03-14,25.13,37.5,2.76,0.0
2023-03-15,26.49,31.49,1.35,0.0
2023-03-16,25.37,35.87,3.68,0.0
2023-03-17,24.25,46.96,2.97,0.22
2023-03-18,21.62,61.9,2.19,6.03
2023-03-19,23.36,53.65,1.78,1.49
2023-03-20,20.68,68.31,1.52,19.76
2023-03-21,20.28,72.56,1.94,12.13
2023-03-22,21.96,55.12,2.24,0.03
2023-03-23,23.38,48.37,3.04,0.03
2023-03-24,24.32,52.51,2.73,7.29
2023-03-25,23.57,57.77,2.62,1.45
2023-03-26,24.1,46.74,3.63,0.0
2023-03-27,22.77,43.64,3.87,0.0
2023-03-28,23.61,40.02,3.49,0.0
2023-03-29,26.11,36.38,1.64,0.0
2023-03-30,25.95,46.76,2.37,6.05
2023-03-31,21.15,76.48,1.82,11.53
2023-04-01,22.84,61.31,2.25,3.83
2023-04-02,24.2,51.41,2.79,0.0
2023-04-03,26.08,47.68,1.96,4.62
2023-04-04,24.87,50.88,3.36,0.01
2023-04-05,24.94,42.52,3.6,0.0
2023-04-06,25.28,34.95,4.51,0.0
2023-04-07,25.12,32.25,4.73,0.0
2023-04-08,24.95,28.27,3.68,0.0
2023-04-09,26.06,28.85,3.13,0.0
2023-04-10,26.28,29.81,3.61,0.0
2023-04-11,27.73,31.24,4.25,0.0
2023-04-12,29.67,33.94,4.3,0.0
2023-04-13,29.32,32.07,3.67,0.0
2023-04-14,30.25,28.77,2.72,0.0
2023-04-15,31.56,25.2,2.06,0.0
2023-04-16,32.03,28.85,2.47,0.0
2023-04-17,32.95,25.81,2.48,0.0
2023-04-18,32.3,30.89,3.12,0.0
2023-04-19,30.95,37.44,3.09,0.04
2023-04-20,30.07,41.33,2.84,0.59
2023-04-21,28.83,38.65,2.23,1.42
2023-04-22,28.12,32.02,2.72,0.25
2023-04-23,25.39,35.22,3.97,0.02
2023-04-24,26.77,37.8,2.85,0.01
2023-04-25,27.75,32.79,2.25,0.0
2023-04-26,29.53,31.43,1.26,0.0
2023-04-27,28.14,35.13,3.51,0.31
2023-04-28,28.32,38.21,1.99,0.26
2023-04-29,27.53,43.24,3.11,1.41
2023-04-30,25.92,57.83,1.67,5.75
2023-05-01,22.81,74.94,4.21,16.65
2023-05-02,23.67,72.98,3.01,5.03
2023-05-03,25.5,61.79,1.85,7.91
2023-05-04,27.78,50.06,1.13,4.45
2023-05-05,27.85,42.94,2.42,0.0
2023-05-06,29.67,40.17,3.73,0.0
2023-05-07,31.39,34.03,2.41,0.0
2023-05-08,31.34,28.25,2.53,1.02
2023-05-09,28.92,26.05,4.32,0.24
2023-05-10,28.78,25.28,4.29,0.0
2023-05-11,30.73,22.89,2.11,0.0
2023-05-12,31.0,22.11,2.25,0.0
2023-05-13,33.0,23.93,2.04,0.0
2023-05-14,34.06,23.48,2.58,0.0
2023-05-15,33.55,26.34,4.08,0.01
2023-05-16,33.41,27.27,5.07,0.01
2023-05-17,34.15,30.84,3.73,0.0
2023-05-18,31.87,40.45,4.61,4.57
2023-05-19,31.81,33.65,5.43,0.0
2023-05-20,32.92,28.84,4.32,0.0
2023-05-21,35.13,23.75,2.45,0.0
2023-05-22,35.86,26.36,5.68,0.0
2023-05-23,36.99,27.02,4.71,0.22
2023-05-24,34.53,35.4,2.55,0.92
2023-05-25,32.83,40.34,2.3,5.23
2023-05-26,29.28,56.46,2.77,14.38
2023-05-27,30.39,49.56,2.96,2.29
2023-05-28,29.96,46.21,2.27,0.72
2023-05-29,30.75,47.53,2.36,0.52
2023-05-30,30.95,46.19,2.71,1.83
2023-05-31,28.78,52.24,3.82,3.11
2023-06-01,29.85,45.75,3.42,0.01
2023-06-02,30.62,43.61,4.06,0.01
2023-06-03,31.11,38.11,3.96,0.12
2023-06-04,28.31,44.91,2.46,0.51
2023-06-05,32.41,38.38,3.54,0.11
2023-06-06,33.34,35.91,2.64,0.01
2023-06-07,33.67,33.3,3.09,0.0
2023-06-08,34.33,33.32,4.42,0.0
2023-06-09,35.76,32.22,4.03,0.13
2023-06-10,36.9,34.46,4.15,0.44
2023-06-11,36.48,35.48,4.96,0.0
2023-06-12,36.84,34.05,5.21,0.0
2023-06-13,38.15,32.25,6.76,0.0
2023-06-14,37.41,32.56,7.55,0.0
2023-06-15,35.85,37.49,6.55,0.02
2023-06-16,35.69,40.38,3.73,0.9
2023-06-17,35.92,38.57,3.23,0.88
2023-06-18,34.84,43.29,2.7,1.07
2023-06-19,34.09,49.0,4.55,2.07
2023-06-20,33.85,53.21,3.14,7.96
2023-06-21,33.7,52.31,2.01,1.37
2023-06-22,34.97,53.23,2.15,3.62
2023-06-23,35.7,51.88,2.03,1.24
2023-06-24,33.25,61.75,2.78,14.64
2023-06-25,30.18,75.39,1.9,13.27
2023-06-26,31.51,64.3,2.49,6.32
2023-06-27,31.99,58.87,2.36,4.99
2023-06-28,32.08,62.15,3.27,10.35
2023-06-29,31.34,65.67,3.69,11.14
2023-06-30,30.53,71.64,3.0,11.1
2023-07-01,30.63,67.02,2.71,3.63
2023-07-02,32.32,60.67,2.58,0.02
2023-07-03,33.95,51.79,2.29,0.07
2023-07-04,34.74,52.13,2.37,0.73
2023-07-05,32.83,61.69,3.08,9.82
2023-07-06,29.63,77.8,3.26,14.23
2023-07-07,30.36,74.44,2.9,10.4
2023-07-08,29.26,83.53,4.0,25.13
2023-07-09,29.71,83.7,3.48,48.55
2023-07-10,30.42,80.0,2.51,17.74
2023-07-11,30.64,77.05,1.38,13.64
2023-07-12,30.4,79.2,1.39,19.17
2023-07-13,29.91,79.74,2.62,5.79
2023-07-14,29.44,81.43,1.03,4.87
2023-07-15,29.23,81.91,1.9,4.79
2023-07-16,30.7,73.97,0.93,3.91
2023-07-17,31.66,72.45,1.18,3.23
2023-07-18,29.79,83.76,2.94,18.48
2023-07-19,29.57,80.5,3.23,3.67
2023-07-20,31.64,74.25,1.9,0.0
2023-07-21,31.28,77.04,2.34,1.39
2023-07-22,30.22,79.53,4.36,4.41
2023-07-23,30.04,79.24,3.97,0.1
2023-07-24,30.43,76.87,3.43,0.96
2023-07-25,30.3,81.69,2.04,13.29
2023-07-26,30.28,79.43,1.66,28.38
2023-07-27,29.08,86.57,1.43,16.52
2023-07-28,28.54,84.17,1.29,18.2
2023-07-29,29.03,85.31,1.33,4.29
2023-07-30,29.48,85.38,1.76,0.62
2023-07-31,30.09,80.36,2.53,0.35
2023-08-01,30.44,79.04,3.19,0.11
2023-08-02,30.3,81.74,2.62,0.82
2023-08-03,30.04,82.98,2.18,4.19
2023-08-04,29.47,86.9,1.85,44.34
2023-08-05,29.14,87.47,3.04,20.5
2023-08-06,29.54,82.55,3.97,9.81
2023-08-07,29.09,83.21,4.87,1.62
2023-08-08,29.18,83.34,4.78,0.13
2023-08-09,29.4,82.24,3.66,2.0
2023-08-10,29.41,80.94,2.74,2.07
2023-08-11,29.61,79.76,2.54,0.73
2023-08-12,29.26,77.8,3.92,0.0
2023-08-13,29.14,79.32,3.99,0.07
2023-08-14,27.32,84.72,2.93,0.09
2023-08-15,29.0,79.44,1.18,1.63
2023-08-16,29.69,78.71,2.73,1.68
2023-08-17,30.09,78.77,3.37,0.27
2023-08-18,30.16,79.09,2.47,0.87
2023-08-19,29.79,83.55,2.19,12.32
2023-08-20,30.75,76.48,2.22,0.32
2023-08-21,30.84,74.77,1.5,1.21
2023-08-22,29.98,83.99,2.21,14.31
2023-08-23,28.24,88.99,3.34,44.32
2023-08-24,28.21,82.74,3.21,0.83
2023-08-25,28.5,79.39,3.67,0.1
2023-08-26,28.9,76.79,3.76,0.0
2023-08-27,28.74,75.44,3.89,0.27
2023-08-28,29.43,75.67,3.17,0.13
2023-08-29,29.29,75.3,2.89,0.0
2023-08-30,29.1,76.36,2.72,0.01
2023-08-31,29.34,74.95,2.17,0.0
2023-09-01,29.48,70.49,2.92,0.0
2023-09-02,28.86,69.4,3.45,0.0
2023-09-03,28.73,67.26,2.84,0.0
2023-09-04,29.01,68.92,3.11,0.0
2023-09-05,29.8,73.61,2.18,1.03
2023-09-06,30.11,69.81,2.22,0.12
2023-09-07,30.38,66.06,2.14,0.4
2023-09-08,29.12,72.01,2.33,6.64
2023-09-09,27.89,83.45,3.65,17.32
2023-09-10,27.04,90.71,3.68,72.53
2023-09-11,27.48,85.42,2.96,0.91
2023-09-12,28.31,82.44,2.09,0.05
2023-09-13,29.06,82.63,1.35,0.01
2023-09-14,29.45,83.88,1.99,7.07
2023-09-15,28.93,84.72,2.45,1.69
2023-09-16,26.82,87.34,4.65,13.32
2023-09-17,26.98,89.83,4.75,6.67
2023-09-18,27.24,84.07,5.2,0.15
2023-09-19,28.35,81.18,2.84,0.18
2023-09-20,29.3,77.3,1.38,0.0
2023-09-21,29.58,76.85,1.41,0.16
2023-09-22,29.17,78.5,1.73,1.54
2023-09-23,28.81,80.88,1.81,8.31
2023-09-24,28.26,79.68,1.59,2.33
2023-09-25,28.61,74.11,1.37,0.0
2023-09-26,27.77,73.99,1.91,0.0
2023-09-27,26.75,73.12,2.55,0.0
2023-09-28,25.73,73.62,2.48,0.0
2023-09-29,25.83,63.19,1.84,0.0
2023-09-30,26.26,61.83,2.83,0.0
2023-10-01,25.55,62.69,3.13,0.0
2023-10-02,25.44,58.1,3.52,0.0
2023-10-03,24.21,54.42,3.5,0.0
2023-10-04,24.48,59.09,3.25,0.0
2023-10-05,25.43,62.27,2.63,0.0
2023-10-06,25.17,59.55,2.88,0.0
2023-10-07,26.32,59.96,2.24,0.0
2023-10-08,27.71,58.28,2.24,0.0
2023-10-09,28.38,61.7,2.28,0.0
2023-10-10,27.98,62.97,1.68,0.0
2023-10-11,25.97,57.89,3.14,0.0
2023-10-12,25.37,54.62,2.33,0.0
2023-10-13,26.34,50.78,2.16,0.0
2023-10-14,27.22,49.83,1.99,0.0
2023-10-15,26.61,54.6,1.59,0.0
2023-10-16,23.96,69.61,3.32,4.31
2023-10-17,23.67,62.92,2.87,4.82
2023-10-18,22.55,62.52,3.3,0.0
2023-10-19,22.6,59.88,3.1,0.0
2023-10-20,22.74,59.19,2.49,0.0
2023-10-21,22.61,54.65,2.33,0.0
2023-10-22,23.49,49.86,2.01,0.0
2023-10-23,23.12,58.36,2.57,0.0
2023-10-24,23.67,57.87,2.52,0.0
2023-10-25,23.59,56.08,2.93,0.0
2023-10-26,23.14,56.8,2.79,0.0
2023-10-27,23.26,46.05,2.44,0.0
2023-10-28,24.05,46.53,1.86,0.0
2023-10-29,24.41,46.55,1.95,0.0
2023-10-30,24.15,51.63,2.18,0.0
2023-10-31,24.23,52.61,1.9,0.0
2023-11-01,25.21,45.91,1.48,0.0
2023-11-02,23.52,48.95,1.99,0.0
2023-11-03,23.21,52.72,1.95,0.0
2023-11-04,23.43,54.4,2.35,0.0
2023-11-05,22.91,44.19,1.41,0.0
2023-11-06,22.99,40.14,1.62,0.0
2023-11-07,22.76,40.98,1.67,0.0
2023-11-08,22.62,54.16,2.1,0.0
2023-11-09,23.5,53.03,2.22,0.0
2023-11-10,21.76,60.4,2.16,4.85
2023-11-11,19.86,62.83,3.21,0.25
2023-11-12,19.69,62.63,3.15,0.0
2023-11-13,19.56,55.34,2.29,0.0
2023-11-14,19.23,49.58,2.38,0.0
2023-11-15,18.79,56.24,2.48,0.0
2023-11-16,20.29,54.99,1.83,0.0
2023-11-17,20.89,54.19,1.94,0.0
2023-11-18,20.1,50.87,1.94,0.0
2023-11-19,19.81,47.51,1.53,0.0
2023-11-20,19.73,51.79,2.33,0.0
2023-11-21,18.79,58.46,3.62,0.0
2023-11-22,17.72,57.83,3.25,0.0
2023-11-23,19.14,45.43,1.22,0.0
2023-11-24,18.96,45.35,1.27,0.0
2023-11-25,19.05,46.12,1.63,0.0
2023-11-26,18.74,49.09,1.82,0.0
2023-11-27,17.36,53.86,2.76,0.14
2023-11-28,18.6,54.48,1.75,2.24
2023-11-29,18.52,58.2,1.7,0.09
2023-11-30,19.59,62.39,1.77,0.0
2023-12-01,20.56,62.8,1.32,0.0
2023-12-02,18.99,63.91,1.98,0.0
2023-12-03,18.8,59.65,2.02,0.47
2023-12-04,19.11,62.34,1.67,0.98
2023-12-05,18.09,58.35,2.83,0.1
2023-12-06,18.16,52.21,2.09,0.0
2023-12-07,18.32,50.68,2.29,0.0
2023-12-08,17.01,51.16,3.06,0.0
2023-12-09,16.11,46.4,3.51,0.0
2023-12-10,15.25,45.78,3.97,0.0
2023-12-11,15.48,40.43,1.68,0.0
2023-12-12,15.92,41.94,1.39,0.0
2023-12-13,15.54,41.68,2.22,0.0
2023-12-14,14.26,48.47,3.56,0.0
2023-12-15,16.05,44.56,1.76,0.0
2023-12-16,15.46,45.53,1.91,0.0
2023-12-17,14.65,49.26,2.65,0.0
2023-12-18,13.86,54.58,4.34,0.0
2023-12-19,13.17,47.23,4.17,0.0
2023-12-20,12.97,44.1,3.02,0.0
2023-12-21,13.14,43.66,3.23,0.0
2023-12-22,14.89,41.04,1.65,0.0
2023-12-23,16.27,43.96,2.25,0.0
2023-12-24,16.72,51.16,1.59,0.0
2023-12-25,15.17,54.15,3.03,0.0
2023-12-26,15.28,55.02,2.65,0.0
2023-12-27,15.23,55.52,1.72,0.0
2023-12-28,14.45,58.29,1.46,0.0
2023-12-29,15.35,51.45,1.35,0.0
2023-12-30,14.8,51.85,1.64,0.0
2023-12-31,13.8,49.72,1.25,0.0
2024-01-01,12.19,59.47,2.34,0.0
2024-01-02,12.34,56.57,2.25,0.0
2024-01-03,13.09,45.68,1.79,0.0
2024-01-04,11.26,60.43,1.87,0.0
2024-01-05,11.51,68.29,1.57,0.0
2024-01-06,11.67,69.21,1.32,0.0
2024-01-07,11.21,72.18,1.6,0.0
2024-01-08,13.99,57.67,1.44,0.0
2024-01-09,13.13,58.17,1.8,0.44
2024-01-10,11.66,55.33,3.84,0.0
2024-01-11,10.61,53.14,3.3,0.0
2024-01-12,11.2,47.98,3.25,0.0
2024-01-13,12.81,42.54,2.48,0.0
2024-01-14,11.84,43.3,2.94,0.0
2024-01-15,11.46,45.32,2.42,0.0
2024-01-16,12.15,43.45,2.16,0.0
2024-01-17,12.0,42.26,2.21,0.0
2024-01-18,12.41,45.61,1.38,0.0
2024-01-19,12.52,49.3,1.61,0.0
2024-01-20,12.29,49.95,1.34,0.0
2024-01-21,11.12,53.01,3.67,0.0
2024-01-22,11.83,38.7,1.64,0.0
2024-01-23,13.07,39.27,2.15,0.0
2024-01-24,12.49,45.28,2.06,0.0
2024-01-25,12.77,45.75,1.6,0.0
2024-01-26,14.99,38.05,1.13,0.0
2024-01-27,14.78,38.48,4.0,0.0
2024-01-28,14.25,44.64,2.38,0.0
2024-01-29,15.37,44.84,2.0,0.0
2024-01-30,16.16,42.92,1.46,0.0
2024-01-31,16.08,50.07,1.86,1.99
2024-02-01,14.26,73.16,4.13,16.76
2024-02-02,13.83,57.25,3.34,0.03
2024-02-03,15.72,39.92,3.22,0.38
2024-02-04,15.03,83.36,1.98,3.03
2024-02-05,15.45,66.77,2.73,0.1
2024-02-06,12.68,41.28,4.07,0.0
2024-02-07,12.76,41.85,4.47,0.0
2024-02-08,12.51,42.24,5.72,0.0
2024-02-09,14.35,35.15,2.63,0.0
2024-02-10,15.69,33.51,1.34,0.0
2024-02-11,15.07,42.52,2.18,0.0
2024-02-12,16.91,40.35,1.33,0.0
2024-02-13,17.65,34.89,1.3,0.0
2024-02-14,16.78,41.28,2.36,0.0
2024-02-15,16.76,45.43,2.65,0.0
2024-02-16,16.74,37.97,2.61,0.0
2024-02-17,17.34,33.27,3.17,0.0
2024-02-18,19.55,30.47,2.52,0.0
2024-02-19,19.88,37.77,4.8,0.02
2024-02-20,20.6,55.19,2.08,1.39
2024-02-21,17.72,35.78,3.11,0.0
2024-02-22,17.08,35.52,3.0,0.0
2024-02-23,15.79,38.54,3.43,0.0
2024-02-24,17.01,33.89,2.48,0.0
2024-02-25,17.31,31.93,2.62,0.0
2024-02-26,18.28,33.2,3.27,0.0
2024-02-27,17.51,50.0,3.66,0.23
2024-02-28,18.15,46.72,4.12,0.01
2024-02-29,18.77,37.17,3.57,0.0
2024-03-01,22.17,36.53,2.39,2.54
2024-03-02,20.11,60.49,5.09,5.24
2024-03-03,18.56,69.75,2.46,7.7
2024-03-04,15.19,37.01,3.28,0.05
2024-03-05,14.65,31.26,3.95,0.0
2024-03-06,15.48,33.17,3.57,0.0
2024-03-07,17.8,36.77,3.39,0.0
2024-03-08,18.99,37.41,3.65,0.0
2024-03-09,18.67,37.46,4.03,0.0
2024-03-10,19.97,35.94,2.71,0.0
2024-03-11,22.55,31.04,1.97,0.0
2024-03-12,23.13,34.67,2.88,0.0
2024-03-13,23.08,34.57,3.28,0.02
2024-03-14,22.51,35.78,3.04,0.0
2024-03-15,21.98,34.23,4.25,0.0
2024-03-16,20.45,28.67,2.68,0.0
2024-03-17,21.4,26.27,2.71,0.0
2024-03-18,22.64,28.43,3.16,0.0
2024-03-19,23.29,28.31,3.01,0.0
2024-03-20,25.53,22.49,1.75,0.0
2024-03-21,21.9,28.5,3.12,0.0
2024-03-22,24.74,29.4,2.84,0.0
2024-03-23,26.75,26.44,4.66,0.0
2024-03-24,24.62,27.57,3.1,0.0
2024-03-25,25.92,27.19,4.31,0.0
2024-03-26,27.34,27.25,3.4,0.0
2024-03-27,30.05,25.42,2.94,0.0
2024-03-28,30.98,30.71,2.86,0.0
2024-03-29,31.17,32.97,1.93,0.16
2024-03-30,29.96,28.77,3.6,3.52
2024-03-31,28.6,23.42,3.57,0.0
2024-04-01,26.08,29.61,5.19,0.0
2024-04-02,26.81,19.34,4.39,0.0
2024-04-03,29.08,21.1,1.64,0.0
2024-04-04,29.96,18.97,2.71,0.0
2024-04-05,28.79,21.31,4.02,0.0
2024-04-06,27.68,19.14,3.77,0.0
2024-04-07,27.9,15.37,3.79,0.0
2024-04-08,29.41,15.81,3.24,0.0
2024-04-09,29.36,14.78,3.01,0.0
2024-04-10,30.48,15.94,2.3,0.0
2024-04-11,31.24,26.16,1.52,0.0
2024-04-12,32.24,22.34,1.96,0.32
2024-04-13,31.84,25.95,3.04,0.0
2024-04-14,30.38,32.53,2.29,1.15
2024-04-15,29.51,38.01,2.53,1.2
2024-04-16,30.15,34.11,4.97,0.0
2024-04-17,29.82,23.79,6.28,0.0
2024-04-18,31.08,23.83,4.52,0.0
2024-04-19,32.13,25.42,4.04,0.0
2024-04-20,30.83,22.4,3.99,0.0
2024-04-21,31.4,26.13,4.17,0.0
2024-04-22,31.99,24.93,3.98,0.01
2024-04-23,32.37,17.73,2.52,0.0
2024-04-24,31.17,21.97,3.65,0.82
2024-04-25,32.36,19.62,4.47,0.0
2024-04-26,33.79,19.33,2.77,0.0
2024-04-27,33.55,20.07,4.06,0.5
2024-04-28,32.18,23.06,3.05,0.01
2024-04-29,33.26,22.98,4.26,0.0
2024-04-30,30.33,21.9,4.39,0.0
2024-05-01,27.77,19.07,5.51,0.0
2024-05-02,28.64,18.53,4.2,0.0
2024-05-03,31.32,15.05,4.72,0.0
2024-05-04,33.94,15.78,3.3,0.0
2024-05-05,34.47,20.69,3.89,0.0
2024-05-06,34.93,20.65,3.79,0.0
2024-05-07,35.9,19.19,2.13,0.0
2024-05-08,35.02,19.31,3.29,0.0
2024-05-09,33.19,28.64,3.54,0.04
2024-05-10,34.37,27.33,3.05,0.04
2024-05-11,34.35,29.22,2.7,0.36
2024-05-12,34.88,24.38,2.61,0.03
2024-05-13,34.96,20.55,2.68,0.02
2024-05-14,34.47,15.96,3.63,0.0
2024-05-15,35.3,11.8,2.83,0.0
2024-05-16,36.64,12.45,2.36,0.0
2024-05-17,38.49,14.11,2.77,0.0
2024-05-18,38.45,15.12,3.69,0.0
2024-05-19,38.84,17.41,4.19,0.0
2024-05-20,39.07,16.48,4.33,0.0
2024-05-21,37.88,14.96,2.65,0.0
2024-05-22,37.36,18.14,3.29,0.0
2024-05-23,36.76,29.06,4.82,0.0
2024-05-24,36.74,30.24,3.39,0.0
2024-05-25,38.26,23.1,3.5,0.0
2024-05-26,39.23,16.72,3.81,0.0
2024-05-27,39.37,15.79,3.18,0.0
2024-05-28,40.32,9.69,2.73,0.0
2024-05-29,39.82,11.16,3.31,0.0
2024-05-30,39.49,13.15,4.59,0.0
2024-05-31,39.45,9.84,3.66,0.0
2024-06-01,38.63,15.77,3.74,0.01
2024-06-02,38.73,21.53,3.0,0.0
2024-06-03,39.2,18.55,4.28,0.01
2024-06-04,39.51,18.85,3.31,2.03
2024-06-05,38.81,21.15,4.3,0.13
2024-06-06,37.27,22.79,3.24,1.2
2024-06-07,37.43,26.29,4.54,0.0
2024-06-08,37.64,24.29,5.2,0.0
2024-06-09,37.28,21.07,4.85,0.0
2024-06-10,37.63,17.96,4.5,0.0
2024-06-11,38.21,16.09,3.77,0.0
2024-06-12,39.09,14.95,3.74,0.0
2024-06-13,39.48,19.67,5.8,0.0
2024-06-14,39.82,22.72,7.48,0.36
2024-06-15,40.23,20.93,6.55,0.0
2024-06-16,40.28,21.8,6.47,0.0
2024-06-17,41.15,23.82,6.19,0.0
2024-06-18,41.23,24.27,6.66,0.0
2024-06-19,40.97,24.55,6.09,0.0
2024-06-20,38.99,27.03,2.96,3.09
2024-06-21,36.94,31.13,2.88,0.92
2024-06-22,37.05,29.25,1.98,0.0
2024-06-23,38.13,31.69,2.59,0.69
2024-06-24,35.09,47.12,2.92,20.52
2024-06-25,36.02,47.46,1.67,0.04
2024-06-26,36.06,45.85,2.99,4.73
2024-06-27,32.06,69.38,2.98,25.97
2024-06-28,31.85,67.8,3.48,2.88
2024-06-29,32.83,63.35,4.19,3.85
2024-06-30,33.33,63.7,3.24,8.37
2024-07-01,33.18,63.93,3.36,3.45
2024-07-02,33.78,66.18,2.94,6.23
2024-07-03,30.67,78.16,2.13,21.94
2024-07-04,28.55,85.11,3.71,9.0
2024-07-05,31.32,73.22,3.25,5.06
2024-07-06,29.85,79.03,3.06,18.15
2024-07-07,30.08,76.58,1.75,7.29
2024-07-08,30.69,75.18,2.88,8.59
2024-07-09,30.22,75.75,2.54,4.68
2024-07-10,32.47,67.97,2.32,2.69
2024-07-11,33.28,69.07,2.77,4.47
2024-07-12,33.58,66.0,3.16,1.65
2024-07-13,31.54,68.35,1.78,1.88
2024-07-14,32.44,62.33,2.13,0.79
2024-07-15,32.3,66.1,3.26,2.19
2024-07-16,32.53,68.17,4.07,0.32
2024-07-17,32.47,67.72,3.23,0.76
2024-07-18,32.3,70.47,2.39,5.71
2024-07-19,31.87,70.77,3.05,4.44
2024-07-20,32.13,68.07,2.44,3.43
2024-07-21,33.17,64.19,3.63,1.65
2024-07-22,32.43,68.85,3.82,9.08
2024-07-23,32.15,72.55,3.46,8.25
2024-07-24,29.89,83.12,4.0,18.95
2024-07-25,31.07,76.87,3.28,0.22
2024-07-26,31.09,76.35,2.1,9.92
2024-07-27,30.71,81.12,2.73,27.22
2024-07-28,31.95,72.77,3.06,0.05
2024-07-29,31.85,72.43,3.59,0.03
2024-07-30,32.47,71.56,2.91,1.93
2024-07-31,31.78,78.87,2.98,27.93
2024-08-01,28.8,89.15,3.62,41.56
2024-08-02,29.08,84.65,3.11,2.84
2024-08-03,29.1,82.36,4.23,0.04
2024-08-04,29.18,80.32,4.8,0.73
2024-08-05,29.17,82.51,6.22,0.43
2024-08-06,28.67,83.27,4.65,3.83
2024-08-07,27.1,89.45,4.55,26.59
2024-08-08,28.22,88.12,3.8,4.73
2024-08-09,28.26,91.23,1.67,4.88
2024-08-10,28.99,86.05,1.95,1.95
2024-08-11,28.22,87.73,2.57,5.43
2024-08-12,28.35,86.09,2.36,34.95
2024-08-13,28.34,89.16,2.77,4.61
2024-08-14,28.44,90.84,2.15,1.43
2024-08-15,28.95,87.24,2.37,1.46
2024-08-16,28.83,86.75,3.75,1.89
2024-08-17,29.18,86.82,1.54,5.7
2024-08-18,29.51,84.28,2.36,2.32
2024-08-19,29.09,84.54,2.28,4.14
2024-08-20,28.75,84.75,2.33,5.4
2024-08-21,29.34,82.12,2.15,3.54
2024-08-22,29.87,81.01,1.93,1.4
2024-08-23,28.56,83.46,1.1,1.61
2024-08-24,29.31,81.68,1.55,0.76
2024-08-25,28.75,84.05,4.23,0.38
2024-08-26,28.34,84.37,4.55,4.69
2024-08-27,28.21,84.66,4.83,2.42
2024-08-28,28.07,86.49,3.0,11.14
2024-08-29,27.75,85.08,3.1,10.13
2024-08-30,28.75,77.73,1.12,2.11
2024-08-31,29.17,77.81,2.66,0.02
2024-09-01,29.91,76.99,2.02,0.07
2024-09-02,27.22,88.06,3.05,1.64
2024-09-03,29.25,79.5,2.3,4.15
2024-09-04,28.4,83.96,1.5,10.38
2024-09-05,28.44,81.96,1.4,12.8
2024-09-06,27.31,88.27,2.76,31.62
2024-09-07,28.01,84.63,1.63,9.23
2024-09-08,28.99,81.18,1.09,0.83
2024-09-09,28.69,82.94,1.18,6.63
2024-09-10,30.0,76.36,1.31,8.65
2024-09-11,28.44,85.21,1.9,42.32
2024-09-12,27.35,90.04,4.95,59.31
2024-09-13,27.54,87.18,4.31,28.41
2024-09-14,27.08,85.49,3.92,16.51
2024-09-15,26.87,84.11,3.1,1.03
2024-09-16,26.51,81.5,3.06,0.0
2024-09-17,27.04,80.19,1.72,3.16
2024-09-18,26.05,88.8,2.69,32.63
2024-09-19,27.14,86.45,3.27,1.16
2024-09-20,27.8,83.68,1.46,0.01
2024-09-21,28.37,82.88,1.57,0.0
2024-09-22,29.22,81.54,1.65,0.0
2024-09-23,29.32,82.91,1.74,0.0
2024-09-24,30.37,75.8,0.73,0.14
2024-09-25,28.54,86.49,2.79,0.67
2024-09-26,27.38,88.79,2.83,5.19
2024-09-27,26.73,87.68,4.17,1.06
2024-09-28,26.14,90.19,3.35,0.27
2024-09-29,28.16,81.01,1.49,0.0
2024-09-30,27.27,80.79,2.68,0.0
2024-10-01,27.23,77.42,2.93,0.0
2024-10-02,27.21,74.81,3.06,0.0
2024-10-03,26.92,69.29,2.62,0.0
2024-10-04,26.56,74.69,2.27,0.05
2024-10-05,27.28,78.14,2.5,0.05
2024-10-06,26.54,73.77,2.25,0.0
2024-10-07,26.26,71.46,1.81,0.0
2024-10-08,26.64,65.25,1.35,0.0
2024-10-09,26.25,64.92,1.76,0.0
2024-10-10,25.34,69.56,2.98,0.0
2024-10-11,24.17,64.88,2.75,0.0
2024-10-12,24.43,59.33,2.38,0.0
2024-10-13,24.45,60.75,1.82,0.0
2024-10-14,25.38,66.48,2.31,0.0
2024-10-15,24.78,56.2,2.1,0.01
2024-10-16,24.55,58.63,2.28,0.0
2024-10-17,24.79,64.25,2.33,0.0
2024-10-18,25.25,62.99,1.88,0.0
2024-10-19,25.18,67.11,2.08,0.0
2024-10-20,25.16,66.14,1.52,0.0
2024-10-21,24.92,72.21,1.59,0.05
2024-10-22,24.93,74.97,1.65,0.0
2024-10-23,24.6,66.57,2.49,0.0
2024-10-24,24.33,66.73,3.02,0.0
2024-10-25,24.85,63.01,2.84,0.0
2024-10-26,24.5,61.69,2.73,0.0
2024-10-27,24.14,69.85,2.14,0.0
2024-10-28,24.25,79.63,2.72,0.0
2024-10-29,25.41,74.41,2.24,0.0
2024-10-30,26.67,65.07,1.93,0.0
2024-10-31,25.63,58.6,2.87,0.0
2024-11-01,24.15,49.4,3.07,0.0
2024-11-02,23.87,52.38,2.09,0.0
2024-11-03,23.81,57.63,1.47,0.0
2024-11-04,22.93,64.86,1.72,0.0
2024-11-05,22.69,69.13,2.16,0.0
2024-11-06,22.81,68.3,1.9,0.0
2024-11-07,22.78,71.49,2.08,0.0
2024-11-08,23.16,73.68,2.16,0.0
2024-11-09,23.17,75.92,2.85,0.0
2024-11-10,23.65,66.71,2.05,0.0
2024-11-11,23.76,64.43,1.71,0.0
2024-11-12,23.21,60.45,2.44,0.0
2024-11-13,22.04,53.42,1.95,0.0
2024-11-14,22.31,48.97,1.49,0.0
2024-11-15,22.05,50.03,2.36,0.0
2024-11-16,21.45,51.4,2.45,0.0
2024-11-17,21.13,53.46,2.27,0.0
2024-11-18,19.08,52.76,2.29,0.0
2024-11-19,18.59,48.16,2.7,0.0
2024-11-20,18.65,44.78,2.15,0.0
2024-11-21,18.98,41.55,1.89,0.0
2024-11-22,18.87,41.14,1.96,0.0
2024-11-23,18.68,48.05,2.2,0.0
2024-11-24,19.16,50.04,3.14,0.0
2024-11-25,17.93,52.52,3.35,0.0
2024-11-26,17.53,48.36,3.06,0.0
2024-11-27,17.98,48.55,2.51,0.0
2024-11-28,18.53,44.89,1.63,0.0
2024-11-29,18.3,44.33,1.71,0.0
2024-11-30,17.7,47.81,2.45,0.0
2024-12-01,17.19,48.45,2.27,0.0
2024-12-02,19.09,47.4,1.92,0.0
2024-12-03,19.33,51.27,2.3,0.0
2024-12-04,18.25,52.08,4.23,0.0
2024-12-05,16.13,46.62,3.77,0.0
2024-12-06,16.31,46.85,3.33,0.0
2024-12-07,16.12,37.67,1.79,0.0
2024-12-08,14.81,45.52,3.3,0.03
2024-12-09,13.93,60.69,2.42,0.07
2024-12-10,12.7,48.65,4.05,0.0
2024-12-11,12.36,33.17,3.38,0.0
2024-12-12,11.45,35.65,3.62,0.0
2024-12-13,12.23,38.43,5.26,0.0
2024-12-14,11.82,36.87,4.11,0.0
2024-12-15,12.42,35.5,2.17,0.0
2024-12-16,13.8,33.94,2.02,0.0
2024-12-17,15.19,31.46,1.21,0.0
2024-12-18,13.99,35.23,1.74,0.0
2024-12-19,13.91,42.94,1.76,0.0
2024-12-20,14.24,48.53,1.98,0.0
2024-12-21,14.06,52.19,2.63,0.0
2024-12-22,15.63,47.83,1.69,0.0
2024-12-23,13.26,57.92,2.41,0.1
2024-12-24,15.63,63.86,1.86,0.17
2024-12-25,15.14,66.08,2.26,0.03
2024-12-26,16.27,52.7,1.55,0.06
2024-12-27,17.27,64.59,3.1,9.51
2024-12-28,15.2,87.76,2.61,6.09
2024-12-29,14.42,72.73,3.86,0.08
2024-12-30,12.35,55.76,3.76,0.0
2024-12-31,11.62,49.13,2.33,0.0
2025-01-01,12.22,45.72,3.66,0.0
2025-01-02,13.24,47.31,3.77,0.0
2025-01-03,14.55,51.3,2.65,0.0
2025-01-04,15.22,51.49,2.24,0.0
2025-01-05,14.42,56.55,2.83,0.0
2025-01-06,14.03,61.57,2.11,0.05
2025-01-07,12.53,58.99,4.2,0.1
2025-01-08,11.72,41.82,4.13,0.0
2025-01-09,13.72,34.59,1.74,0.0
2025-01-10,13.74,32.88,1.24,0.0
2025-01-11,12.18,49.01,2.72,1.8
2025-01-12,12.42,74.62,2.34,0.13
2025-01-13,13.3,69.46,3.62,0.0
2025-01-14,13.24,48.98,2.48,0.0
2025-01-15,13.74,46.41,2.17,0.19
2025-01-16,13.22,78.08,1.52,1.79
2025-01-17,12.46,65.43,3.31,0.04
2025-01-18,13.15,44.93,2.13,0.0
2025-01-19,16.1,46.35,2.42,0.0
2025-01-20,15.84,46.96,3.97,0.0
2025-01-21,15.73,45.82,3.86,0.0
2025-01-22,16.37,50.48,2.4,0.01
2025-01-23,16.68,46.63,3.13,0.11
2025-01-24,14.34,44.5,4.3,0.0
2025-01-25,13.83,35.54,4.35,0.0
2025-01-26,13.03,32.29,3.39,0.0
2025-01-27,12.61,33.66,3.66,0.0
2025-01-28,14.52,30.52,2.62,0.0
2025-01-29,15.14,34.13,2.88,0.0
2025-01-30,15.7,38.91,2.56,0.0
2025-01-31,16.72,41.71,2.15,0.0
2025-02-01,17.76,39.68,2.17,0.0
2025-02-02,16.86,48.01,2.89,0.0
2025-02-03,17.31,42.49,2.76,0.0
2025-02-04,18.36,44.6,2.19,0.18
2025-02-05,15.06,44.38,4.1,0.0
2025-02-06,14.44,35.93,4.72,0.0
2025-02-07,14.4,37.24,4.92,0.0
2025-02-08,15.54,33.55,3.92,0.0
2025-02-09,17.53,30.48,2.49,0.0
2025-02-10,19.01,30.7,2.34,0.0
2025-02-11,19.49,33.14,2.41,0.0
2025-02-12,18.17,38.97,4.4,0.0
2025-02-13,16.98,30.39,5.55,0.0
2025-02-14,17.23,30.19,4.86,0.0
2025-02-15,18.74,34.76,3.0,0.0
2025-02-16,18.73,42.91,2.23,0.0
2025-02-17,20.86,35.99,1.95,0.0
2025-02-18,20.42,36.46,2.75,0.0
2025-02-19,20.55,34.88,2.18,0.37
2025-02-20,20.54,52.68,3.91,1.38
2025-02-21,19.68,51.58,2.64,0.02
2025-02-22,17.79,48.25,3.88,0.0
2025-02-23,18.57,44.16,2.76,0.0
2025-02-24,19.0,42.58,2.76,0.0
2025-02-25,20.52,40.05,2.1,0.0
2025-02-26,21.59,37.94,1.46,0.03
2025-02-27,20.7,52.51,2.6,0.4
2025-02-28,19.3,68.65,3.83,6.18
2025-03-01,20.62,63.49,3.34,3.13
2025-03-02,20.6,45.89,3.75,0.0
2025-03-03,20.77,33.78,2.3,0.0
2025-03-04,20.32,39.08,4.66,0.0
2025-03-05,17.4,29.95,7.11,0.0
2025-03-06,18.08,27.46,4.89,0.0
2025-03-07,19.71,29.36,3.2,0.0
2025-03-08,21.37,30.1,3.34,0.0
2025-03-09,23.17,28.32,2.58,0.0
2025-03-10,23.86,28.97,3.26,0.0
2025-03-11,24.95,31.41,2.39,0.0
2025-03-12,25.54,37.05,3.45,0.0
2025-03-13,27.48,38.0,1.92,0.22
2025-03-14,27.97,35.16,1.9,1.55
2025-03-15,26.17,34.74,3.17,0.06
2025-03-16,24.39,36.11,3.56,0.14
2025-03-17,23.08,37.59,3.25,0.0
2025-03-18,23.01,32.91,3.18,0.0
2025-03-19,24.59,26.63,3.08,0.0
2025-03-20,25.13,25.87,3.04,0.0
2025-03-21,24.86,26.81,4.07,0.0
2025-03-22,24.69,22.56,2.87,0.0
2025-03-23,25.11,20.84,1.91,0.2
2025-03-24,26.4,17.23,2.29,0.0
2025-03-25,27.38,19.38,2.6,0.0
2025-03-26,30.47,19.44,1.53,0.0
2025-03-27,29.66,19.25,3.16,0.0
2025-03-28,26.13,11.72,5.0,0.0
2025-03-29,22.34,10.3,4.79,0.0
2025-03-30,24.53,11.33,4.4,0.0
2025-03-31,25.55,12.65,3.78,0.0
2025-04-01,25.98,16.39,3.59,0.0
2025-04-02,28.07,13.08,2.13,0.0
2025-04-03,29.69,11.41,1.34,0.0
2025-04-04,29.37,14.3,2.72,0.0
2025-04-05,28.32,19.24,3.48,0.0
2025-04-06,30.31,16.07,2.81,0.0
2025-04-07,31.6,16.86,2.94,0.0
2025-04-08,31.5,16.94,4.13,0.0
2025-04-09,32.23,22.7,2.92,0.0
2025-04-10,32.64,26.03,2.18,0.17
2025-04-11,31.09,33.81,4.77,1.92
2025-04-12,29.21,37.59,2.49,1.1
2025-04-13,30.67,28.17,2.04,0.0
2025-04-14,30.47,25.88,3.17,0.0
2025-04-15,30.98,29.1,3.33,0.0
2025-04-16,32.04,27.42,3.09,0.0
2025-04-17,33.11,25.1,2.98,0.12
2025-04-18,33.37,25.63,3.23,0.0
2025-04-19,33.11,29.96,6.23,0.66
2025-04-20,33.06,27.35,4.44,0.0
2025-04-21,33.41,15.3,2.79,0.0
2025-04-22,31.49,8.6,3.62,0.0
2025-04-23,31.97,11.75,3.86,0.0
2025-04-24,33.22,6.93,2.26,0.0
2025-04-25,33.22,8.1,2.76,0.0
2025-04-26,34.22,9.49,2.34,0.0
2025-04-27,33.14,12.17,2.11,0.0
2025-04-28,32.68,15.72,4.17,0.0
2025-04-29,30.9,23.65,4.43,0.0
2025-04-30,31.55,30.42,4.44,0.0
2025-05-01,31.98,33.83,4.89,0.01
2025-05-02,28.81,51.26,3.29,12.9
2025-05-03,28.57,52.19,2.91,6.96
2025-05-04,29.66,47.06,4.92,6.74
2025-05-05,29.2,51.07,3.68,4.61
2025-05-06,29.33,41.23,3.27,0.44
2025-05-07,31.04,42.05,3.17,0.04
2025-05-08,31.12,43.49,3.43,0.08
2025-05-09,31.33,42.01,2.57,0.78
2025-05-10,32.01,44.7,2.11,1.11
2025-05-11,33.3,41.14,1.82,0.0
2025-05-12,34.0,32.25,2.86,0.0
2025-05-13,34.08,37.81,4.19,0.8
2025-05-14,33.9,37.71,2.56,1.55
2025-05-15,35.04,27.46,2.49,0.0
2025-05-16,36.41,25.4,3.55,0.31
2025-05-17,35.78,26.85,3.8,0.11
2025-05-18,35.87,27.74,3.26,0.02
2025-05-19,35.48,23.43,3.22,0.0
2025-05-20,36.28,25.06,3.46,0.0
2025-05-21,36.9,24.03,4.0,0.0
2025-05-22,31.36,44.63,4.44,13.11
2025-05-23,32.68,38.75,4.24,0.0
2025-05-24,33.54,37.73,5.15,2.07
2025-05-25,30.6,54.34,3.5,20.03
2025-05-26,31.97,48.46,3.23,0.23
2025-05-27,32.94,41.29,2.26,0.0
2025-05-28,33.92,45.99,2.22,0.53
2025-05-29,34.71,42.33,1.95,0.0
2025-05-30,34.38,42.26,1.48,0.38
2025-05-31,34.29,33.24,2.05,0.18
2025-06-01,32.98,40.29,4.74,4.8
2025-06-02,31.39,46.42,1.86,1.33
2025-06-03,30.76,39.17,1.73,0.0
2025-06-04,30.8,39.34,1.97,0.26
2025-06-05,32.28,38.34,1.44,0.01
2025-06-06,33.28,34.1,1.81,0.0
2025-06-07,34.66,31.95,2.06,0.0
2025-06-08,36.93,29.6,2.57,0.0
2025-06-09,37.85,24.42,2.58,0.0
2025-06-10,37.75,21.43,3.34,0.0
2025-06-11,37.93,22.58,2.41,0.0
2025-06-12,37.77,27.84,2.69,0.0
2025-06-13,37.99,33.0,3.57,1.24
2025-06-14,36.81,34.83,2.38,4.19
2025-06-15,35.63,38.54,3.59,0.2
2025-06-16,33.25,53.61,3.45,9.31
2025-06-17,32.52,58.95,2.69,1.16
2025-06-18,29.89,74.29,2.5,18.82
2025-06-19,32.24,60.04,3.76,0.16
2025-06-20,33.21,58.38,3.65,0.74
2025-06-21,34.39,51.18,3.35,0.11
2025-06-22,34.88,49.49,1.82,0.31
2025-06-23,34.15,53.1,2.74,3.28
2025-06-24,34.02,51.05,2.0,1.04
2025-06-25,34.03,51.69,4.18,0.61
2025-06-26,34.08,53.01,4.88,0.43
2025-06-27,34.7,49.95,4.41,0.37
2025-06-28,33.5,54.03,3.17,9.25
2025-06-29,32.06,64.5,2.59,15.13
2025-06-30,27.98,87.23,3.32,43.59
2025-07-01,30.61,65.92,2.98,2.1
2025-07-02,31.8,64.87,3.26,2.66
2025-07-03,32.16,64.38,3.83,0.31
2025-07-04,31.73,68.34,2.97,3.54
2025-07-05,32.46,64.19,2.43,0.24
2025-07-06,31.16,70.86,2.41,15.02
2025-07-07,32.05,67.35,1.73,0.83
2025-07-08,31.84,69.82,1.97,12.04
2025-07-09,30.84,71.74,2.47,7.32
2025-07-10,28.07,84.64,3.23,21.92
2025-07-11,30.23,71.62,1.69,1.85
2025-07-12,31.18,68.06,1.96,3.31
2025-07-13,29.16,76.68,2.32,11.04
2025-07-14,28.8,81.26,5.55,5.73
2025-07-15,29.0,81.5,7.27,2.63
2025-07-16,28.18,78.12,4.17,8.45
2025-07-17,28.82,78.18,3.35,5.63
2025-07-18,28.83,76.98,6.47,3.55
2025-07-19,29.38,76.54,5.43,0.36
2025-07-20,31.04,70.69,3.36,0.2
2025-07-21,30.02,72.1,2.59,0.53
2025-07-22,29.39,79.71,1.96,1.53
2025-07-23,29.87,82.6,2.37,19.98
2025-07-24,31.09,74.16,2.58,1.25
2025-07-25,31.91,71.93,2.28,4.02
2025-07-26,32.27,69.54,1.59,0.49
2025-07-27,31.35,69.97,3.07,0.0
2025-07-28,29.46,77.1,1.28,2.38
2025-07-29,28.56,85.44,1.9,11.6
2025-07-30,29.34,84.33,3.39,14.31
2025-07-31,29.14,85.09,2.28,20.39
2025-08-01,29.74,81.49,1.67,4.72
2025-08-02,29.59,81.07,2.9,4.01
2025-08-03,29.19,82.74,3.07,31.73
2025-08-04,29.26,83.93,3.76,40.62
2025-08-05,28.34,88.16,3.33,32.74
2025-08-06,28.43,82.44,2.29,5.69
2025-08-07,29.14,78.66,3.27,0.51
2025-08-08,29.74,77.12,2.93,8.36
2025-08-09,28.42,83.7,1.96,9.64
2025-08-10,29.06,81.88,1.79,10.32
2025-08-11,29.49,82.53,2.55,12.83
2025-08-12,29.18,83.34,2.55,1.47
2025-08-13,29.01,83.08,2.36,4.58
2025-08-14,27.34,89.8,2.62,24.4
2025-08-15,27.92,83.6,1.43,1.62
2025-08-16,28.38,83.95,2.23,3.19
2025-08-17,29.06,84.89,2.39,3.8
2025-08-18,28.01,90.4,3.18,3.45
2025-08-19,28.77,83.85,2.67,1.7
2025-08-20,28.55,84.55,3.66,0.11
2025-08-21,28.94,84.6,3.07,6.28
2025-08-22,29.52,81.54,1.48,0.16
2025-08-23,28.47,86.76,2.06,7.24
2025-08-24,28.29,86.64,3.36,2.01
2025-08-25,27.19,92.24,4.41,14.84
2025-08-26,27.86,87.58,3.99,1.06
2025-08-27,28.73,85.08,2.02,5.43
2025-08-28,28.75,84.1,2.23,3.61
2025-08-29,27.16,90.71,3.6,35.83
2025-08-30,27.84,89.03,3.21,20.58
2025-08-31,27.23,92.43,3.0,47.12
2025-09-01,26.64,91.2,4.08,22.21
2025-09-02,26.68,90.94,4.99,34.28
2025-09-03,26.81,90.66,2.85,18.0
2025-09-04,27.73,85.18,1.98,42.69
2025-09-05,26.75,89.64,4.71,8.89
2025-09-06,27.6,88.02,3.78,0.49
2025-09-07,27.51,88.05,3.07,0.74
2025-09-08,27.41,85.93,2.18,4.12
2025-09-09,27.96,84.64,2.86,2.14
2025-09-10,27.33,85.49,4.49,0.0
2025-09-11,26.78,83.76,3.94,0.0
2025-09-12,27.69,81.75,2.77,0.06
2025-09-13,28.34,76.07,1.57,2.22
2025-09-14,28.41,78.05,2.2,0.16
2025-09-15,28.05,82.12,2.88,0.04
2025-09-16,28.57,77.49,1.56,1.15
2025-09-17,28.53,80.07,1.71,21.17
2025-09-18,28.0,83.26,1.45,1.54
2025-09-19,28.25,81.67,2.23,1.07
2025-09-20,27.57,79.8,2.94,0.0
2025-09-21,26.7,79.21,3.13,0.0
2025-09-22,25.97,77.63,3.14,0.0
2025-09-23,25.83,76.49,3.34,0.0
2025-09-24,26.04,73.43,3.3,0.0
2025-09-25,26.02,74.8,3.01,0.0
2025-09-26,26.34,77.33,3.16,0.0
2025-09-27,28.45,79.25,1.43,0.0
2025-09-28,28.25,82.42,3.11,0.0
2025-09-29,27.92,82.78,2.44,0.66
2025-09-30,26.35,88.32,1.96,7.98
2025-10-01,26.77,79.51,1.22,0.03
2025-10-02,26.28,81.31,2.05,2.38
2025-10-03,26.46,83.0,1.8,0.03
2025-10-04,26.97,76.61,2.31,0.0
2025-10-05,26.79,67.73,1.94,0.28
2025-10-06,24.99,81.68,1.96,13.65
2025-10-07,23.76,87.72,3.03,14.87
2025-10-08,22.14,81.68,2.2,0.84
2025-10-09,21.88,78.45,2.78,0.0
2025-10-10,22.21,67.44,1.83,0.0
2025-10-11,22.94,61.73,1.39,0.0
2025-10-12,23.53,69.84,2.07,0.0
2025-10-13,23.99,56.77,1.25,0.0
2025-10-14,23.6,55.44,1.4,0.0
2025-10-15,23.55,55.3,1.37,0.0
2025-10-16,23.23,55.43,1.68,0.0
2025-10-17,23.72,62.22,1.28,0.0
2025-10-18,23.69,66.53,1.57,0.0
2025-10-19,23.81,65.52,1.84,0.0
2025-10-20,24.01,65.73,2.0,0.0
2025-10-21,24.04,72.68,1.58,0.0
2025-10-22,24.85,66.67,1.52,0.0
2025-10-23,24.09,55.94,1.8,0.0
2025-10-24,23.5,53.52,1.56,0.0
2025-10-25,22.83,52.32,1.51,0.0
2025-10-26,23.09,49.0,1.37,0.0
2025-10-27,22.51,58.09,1.61,0.14
2025-10-28,20.95,75.55,1.7,0.21
2025-10-29,22.92,70.8,1.24,0.01
2025-10-30,23.02,78.93,1.43,1.39
2025-10-31,23.62,76.05,2.53,0.01
2025-11-01,23.21,64.18,2.51,0.0
2025-11-02,21.88,60.14,3.23,0.0
2025-11-03,21.41,53.53,3.19,0.0
2025-11-04,20.47,56.64,1.84,0.0
2025-11-05,21.47,53.4,2.25,0.0
2025-11-06,18.53,59.42,3.74,0.0
2025-11-07,17.23,52.47,3.6,0.0
2025-11-08,16.34,50.6,3.01,0.0
2025-11-09,16.75,52.45,3.05,0.0
2025-11-10,18.08,47.78,2.17,0.0
2025-11-11,17.64,47.28,2.78,0.0
2025-11-12,16.97,53.47,3.52,0.0
2025-11-13,16.77,51.62,2.76,0.0
2025-11-14,16.94,48.65,2.52,0.0
2025-11-15,17.13,46.68,2.71,0.0
2025-11-16,16.31,47.41,3.14,0.0
2025-11-17,16.85,45.66,2.42,0.0
2025-11-18,17.94,44.29,2.04,0.0
2025-11-19,18.32,50.34,1.72,0.0
2025-11-20,17.37,64.17,2.41,0.0
2025-11-21,17.59,63.95,2.27,0.0
2025-11-22,18.52,55.67,1.82,0.0
2025-11-23,18.51,46.61,1.32,0.0
2025-11-24,17.42,46.77,1.73,0.0
2025-11-25,15.89,48.08,2.4,0.0
2025-11-26,16.42,44.76,1.49,0.0
2025-11-27,17.79,38.62,0.79,0.0
2025-11-28,17.18,53.02,2.38,0.0
2025-11-29,16.68,54.48,3.53,0.0
2025-11-30,14.69,44.21,3.79,0.0
2025-12-01,15.52,41.43,2.13,0.0
2025-12-02,16.46,51.65,1.98,0.0
2025-12-03,14.32,47.51,3.13,0.0
2025-12-04,13.37,49.44,3.33,0.0
2025-12-05,13.62,45.56,2.42,0.0
2025-12-06,14.33,51.46,4.0,0.0
2025-12-07,14.68,44.86,3.6,0.0
2025-12-08,16.27,46.28,4.16,0.0
2025-12-09,14.67,47.23,4.44,0.0
2025-12-10,14.82,45.33,3.17,0.0
2025-12-11,15.94,41.44,2.62,0.0
2025-12-12,16.11,43.09,2.09,0.0
2025-12-13,16.52,51.18,1.49,0.0
2025-12-14,17.01,50.34,1.39,0.0
2025-12-15,16.32,50.13,2.53,0.0
2025-12-16,14.36,53.83,3.87,0.0
2025-12-17,14.9,52.28,3.14,0.0
2025-12-18,14.97,64.01,2.12,0.0
2025-12-19,15.45,59.12,2.53,0.0
2025-12-20,14.61,47.18,1.74,0.0
2025-12-21,13.95,55.99,2.01,0.0
2025-12-22,15.97,59.08,1.16,0.0
2025-12-23,16.15,60.92,3.55,0.0
2025-12-24,13.76,57.15,4.01,0.0
2025-12-25,14.21,48.2,1.95,0.0
2025-12-26,14.57,46.98,1.52,0.0
2025-12-27,13.95,47.65,1.81,0.0
2025-12-28,13.37,47.97,2.04,0.0
2025-12-29,14.25,45.59,2.17,0.0
2025-12-30,14.64,40.85,2.19,0.0
2025-12-31,13.62,51.12,2.5,0.0
